company,role,url,extracted_text
Google,Software Engineer,"['https://medium.com/@kajol_singh/google-interview-experience-sde-ii-11758d86c5ab', 'https://www.geeksforgeeks.org/google-interview-experience-for-sde-2024/', 'https://www.geeksforgeeks.org/google-interview-experience-for-sde-2024/', 'https://www.glassdoor.co.in/Interview/Google-Software-Engineer-Interview-Questions-EI_IE9079.0,6_KO7,24.htm']","Sign up Sign in   Member-only story Kajol Kumari Follow 500 10   Embarking on the path to Google requires unwavering determination, flexibility, and a solid grasp of fundamental computer science concepts. Reflecting on the rigorous five-round interview process, both for myself and my friend, each stage presented distinctive hurdles. These challenges not only assessed our technical expertise but also evaluated our problem-solving abilities and teamwork. Here’s an overview of our journey, along with reference problems to illustrate the types of questions encountered in each round. P.S — I got rejected in onsite round but my friend got the offer! I am finally completing this blog with his help. 🙏 The journey began with a tough phone interview, where I had to solve a complex problem involving dynamic programming and trees. It was challenging, but it pushed me to think creatively and come up with new ideas. Even though it was difficult, I tackled it with enthusiasm, using what I knew about algorithms and data structures to find a strong solution. Similar problem — Codeforces Problem 161D In this round, , I faced challenges involving DFS and finding the longest palindromic substring… The author made this story available to Medium members only.
If you’re new to Medium, create a new account to read this story on us.
Sign up with Google
Sign up with Facebook
Sign up with email
Already have an account? Sign in The author made this story available to Medium members only.
If you’re new to Medium, create a new account to read this story on us.  500  10 SDE-II @Intuit | ex- @ExpediaGroup | GSoC’20 @CloudCV | find me on twitter https://twitter.com/_Kajol_singh_ Kajol Kumari Kajol Kumari Kajol Kumari Kajol Kumari Arunima Barik Surabhi Gupta in Code Like A Girl SHIVAM JINDAL in Write A Catalyst Alexander Nguyen in Level Up Coding Ashish Pratap Singh in AlgoMaster.io Anthony D. Mays           I have several years of experience as a Software Development Engineer (SDE). Initially, I worked at a media conglomerate, working as a full-stack developer. Later, I transitioned to a SAAS company, where I honed my skills further. Currently, I am employed at a leading fintech company. A Google recruiter reached out to me regarding a role. While my expertise didn't include Java or angular, the recruiter assured me that the tech stack was not a barrier—as long as I performed well in the interview rounds. Total Number of Interview Rounds in Google -6  Mostly just long telephone conversations with the recruiter trying to know more about me, my experiences, my tech stack etc. It was a video interview with a developer from Singapore. it was the most chill round of them all, I was given a JS compiler with no auto-correct or code completion capabilities. The problem was simple
"" Find all matches of a small string str2 in a big string str1""
I showed the most naïve solution and then sequentially made it better, he wanted me to explain how it works so I had to do a little whiteboarding where I explained the whole flow of the algorithm right down to creating hashes. Then I had to explain the big o notation, and why it's linear. etc. By the time we finished the discussion almost 45 minutes were over I thought I'd get another question but that didn't happen. Again a video interview with someone from the US. As I was only free after my regular work I didn't receive any Indian interviewers. Most of my interviews were at 9 pm or 10 pm IST. He explained to me a problem statement, which resulted in a rope or cord data structure. ( ref wiki).
once I implemented the structure the questions were; This round was with someone from Zurich, and it was the same question but explained differently. I think they don't communicate previous rounds' details with the panelists, so I was lucky to be getting the same question again, I was prepared this time but the queries were a little different. This was the most hectic round as we kept coming back and forth with problems and solutions. The question statement boils down to this
""Given a stream of share market data with potential updates to older values, how can we efficiently find the maximum, minimum, and current values?""
I came up with lots of different solutions to this, some were more space-optimized, while some were more time-optimized. but I could sense he wasn't totally satisfied, so we ended the interview on a bittersweet note and I realized it was a bad one. The last round is called the googlyness round. it was the round I enjoyed most as there was not much to prepare we sat down a had a chat about my experiences. The questions were like this Preparing the folder: after the interviews were done the recruiter told me the feedback and the ratings after each round. So I had a mental image of the folder. Since one of my rounds went bad, it wasn't looking good. Still, I managed to get a referral from one of my friends in Google as I was told that helps.
After a few weeks, the recruiter reached out saying no managers were willing to accept my folder and that I should try again after 6 months but I moved abroad after a few months and lost interest.
Even though I wasn't selected it was an overall positive experience for me and the recruiter was helpful every step of the way. Are you feeling lost in OS, DBMS, CN, SQL, and DSA chaos? Our Complete Interview Preparation Course is your solution! Trusted by over 100,000+ Geeks, it covers all essential topics, ensuring you're well-prepared for technical challenges. Join the ranks of successful candidates and unlock your placement potential. Enroll now and start your journey to a successful career! A  I have several years of experience as a Software Development Engineer (SDE). Initially, I worked at a media conglomerate, working as a full-stack developer. Later, I transitioned to a SAAS company, where I honed my skills further. Currently, I am employed at a leading fintech company. A Google recruiter reached out to me regarding a role. While my expertise didn't include Java or angular, the recruiter assured me that the tech stack was not a barrier—as long as I performed well in the interview rounds. Total Number of Interview Rounds in Google -6  Mostly just long telephone conversations with the recruiter trying to know more about me, my experiences, my tech stack etc. It was a video interview with a developer from Singapore. it was the most chill round of them all, I was given a JS compiler with no auto-correct or code completion capabilities. The problem was simple
"" Find all matches of a small string str2 in a big string str1""
I showed the most naïve solution and then sequentially made it better, he wanted me to explain how it works so I had to do a little whiteboarding where I explained the whole flow of the algorithm right down to creating hashes. Then I had to explain the big o notation, and why it's linear. etc. By the time we finished the discussion almost 45 minutes were over I thought I'd get another question but that didn't happen. Again a video interview with someone from the US. As I was only free after my regular work I didn't receive any Indian interviewers. Most of my interviews were at 9 pm or 10 pm IST. He explained to me a problem statement, which resulted in a rope or cord data structure. ( ref wiki).
once I implemented the structure the questions were; This round was with someone from Zurich, and it was the same question but explained differently. I think they don't communicate previous rounds' details with the panelists, so I was lucky to be getting the same question again, I was prepared this time but the queries were a little different. This was the most hectic round as we kept coming back and forth with problems and solutions. The question statement boils down to this
""Given a stream of share market data with potential updates to older values, how can we efficiently find the maximum, minimum, and current values?""
I came up with lots of different solutions to this, some were more space-optimized, while some were more time-optimized. but I could sense he wasn't totally satisfied, so we ended the interview on a bittersweet note and I realized it was a bad one. The last round is called the googlyness round. it was the round I enjoyed most as there was not much to prepare we sat down a had a chat about my experiences. The questions were like this Preparing the folder: after the interviews were done the recruiter told me the feedback and the ratings after each round. So I had a mental image of the folder. Since one of my rounds went bad, it wasn't looking good. Still, I managed to get a referral from one of my friends in Google as I was told that helps.
After a few weeks, the recruiter reached out saying no managers were willing to accept my folder and that I should try again after 6 months but I moved abroad after a few months and lost interest.
Even though I wasn't selected it was an overall positive experience for me and the recruiter was helpful every step of the way. Are you feeling lost in OS, DBMS, CN, SQL, and DSA chaos? Our Complete Interview Preparation Course is your solution! Trusted by over 100,000+ Geeks, it covers all essential topics, ensuring you're well-prepared for technical challenges. Join the ranks of successful candidates and unlock your placement potential. Enroll now and start your journey to a successful career! A                                                                                              Copyright © 2008-2024. Glassdoor LLC. ""Glassdoor,"" ""Worklife Pro,"" ""Bowls,"" and logo are proprietary trademarks of Glassdoor LLC. "
Amazon,Data Scientist,"['https://www.glassdoor.co.in/Interview/Amazon-Data-Scientist-Interview-Questions-EI_IE6036.0,6_KO7,21.htm', 'https://igotanoffer.com/blogs/tech/amazon-data-science-interview', 'https://www.interviewquery.com/interview-guides/amazon-data-scientist', 'https://careerflowai.medium.com/amazon-data-scientist-interview-guide-53e9232b254']","                                                                                               Copyright © 2008-2024. Glassdoor LLC. ""Glassdoor,"" ""Worklife Pro,"" ""Bowls,"" and logo are proprietary trademarks of Glassdoor LLC.  Data scientist interviews at Amazon are challenging. The questions are difficult, specific to Amazon, and cover a wide range of topics. The good news is that the right preparation can help you maximize your chances of landing a job offer at Amazon (or AWS). We’ve analyzed 150+ data scientist interview questions reported by real Amazon candidates, categorized them, and listed examples below.  Read on for our ultimate guide for success, including practice questions, links to helpful resources, and preparation tips to help you land that Amazon data scientist role. Here's an overview of what we'll cover: What's the Amazon data scientist interview process and timeline?  It typically takes four to eight weeks and follows the steps below. If you're interviewing at AWS, you can expect a similar timeline. First, recruiters will look at your resume and assess if your experience matches the open position. This is the most competitive step in the process, as millions of candidates do not make it past this stage. If you’re looking for expert feedback on your resume, you can get input from our team of ex-Amazon recruiters, who will cover what achievements to focus on (or ignore), how to fine tune your bullet points, and more. Of course, if you have any connections to current Amazon employees, consider asking for a referral. This often helps candidates get their feet in the door.  Once you’ve applied or been directly contacted by a recruiter, the hiring process generally starts with a brief recruiter screen call. This will be a discussion of your background as well as the interviews ahead of you. Prepare answers to simple behavioral questions (see section 2.4) to show why you’re a good fit for Amazon.  You may be speaking directly with your recruiter or with your hiring manager. This may not be someone with a technical background. If your recruiter hasn’t already detailed the process, this is a good time to ask specific questions about what to expect and what to prepare, as the process may differ per role. Note: some candidates who have been contacted directly by recruiters via LinkedIn may skip the initial call and pass directly to the technical screen(s). As mentioned above, the Amazon data scientist interview process differs between roles, so there are a few possibilities for your technical screen. You may have a take home assignment, a video call with live coding, a call focused on machine learning, or a combination of two of these. While role-specific exercises or online assessments appear to be more common for internships, they are required for the occasional experienced role as well. They will consist of a coding assessment or a case study for you to explore in-depth. You may be asked to present your case study as a second stage of your technical screen, or during one of the onsite interview rounds. Otherwise, your recruiter will schedule one or two interviews using Amazon Chime. Come prepared to answer machine learning questions and to work out SQL and Python/R questions on a shared notepad document. While other companies like Google or Facebook focus solely on technical skills at this step in the process, Amazon is equally interested in your past experience. Be ready to explain your past projects and business issues that you’ve solved, detailing concrete steps and framing them in the context of the leadership principles.  If you crack the technical screen(s), the next step is to spend a full day onsite at the Amazon offices doing five or six separate rounds, one of which will take the form of an informal lunch interview. Due to COVID-19, this may happen as a “virtual onsite” using Amazon Chime. These interviews will last 45 to 60mins and will be one-on-ones with a mix of people from the team you’re applying to join, including peers, the hiring manager, and a senior executive called the Bar Raiser. Bar Raisers are not associated with the team you’re applying for. Instead, they focus on overall candidate quality rather than specific team needs. They get special training to make sure Amazon’s hiring standards stay high, so they are a big barrier between you and the job offer. The format of the interviews differ, but may consist of case studies, technical presentations, Q&As, whiteboarding, or otherwise. Your recruiter should provide you with information on what to expect before going in.  We’ll dig deeper into the question types later in the article, but expect an emphasis on behavioral questions. Each interviewer is usually assigned two or three leadership principles to focus on during your interview.  At the end of each interview your interviewer will grade your performance using a standardized feedback form that summarizes the attributes Amazon looks for in a candidate. That form is constantly evolving, but we have listed some of its main components below. The interviewer will file the notes they took during the interview. This usually includes the questions they asked, a summary of your answers, and any additional impressions they had (e.g. communicated ABC well, weak knowledge of XYZ, etc). Your interviewer will then grade you on technical competencies. They will be trying to determine whether you are ""raising the bar"" or not for each competency they have tested. In other words, you'll need to convince them that you are at least as good as or better than the average current Amazon data scientist at the level you're applying for. The exact technical competencies you'll be evaluated against vary by role. But here are some common ones for data science roles: Your interviewer will also grade you on Amazon's 16 leadership principles and assess whether you're ""raising the bar"" for those too. As mentioned above, each interviewer is given two or three leadership principles to grill you on.     Finally, each interviewer will file an overall recommendation into the system. The different options are along the lines of: ""Strong hire"", ""Hire"", ""No hire"", ""Strong no hire"". Your recruiter is leading the process and taking you from one stage to the next. Here's what happens after each of the stages we’ve just described: It's also important to note that recruiters and people who refer you have little influence on the overall process. They can help you get an interview at the beginning, but that's about it. Let’s get into the four primary categories of questions you’ll answer during the Amazon data science interview: In the sections below, we've put together a high-level overview of each type of question. In addition, we've compiled a selection of real Amazon data scientist interview questions, according to data from Glassdoor. We've edited the language in some places to improve the clarity or grammar, and, when appropriate, we’ve included a link to a solution. Many of these questions are asked in the form of case studies. For more information about data science case study interviews, take a look here. Important Note: Amazon data scientists work across many divisions, such as Amazon Web Services, Alexa, SCOT, logistics, and more. As each role will have different responsibilities, the interview questions you receive will reflect that. The Glassdoor data we’ve used is generalized across all data scientist roles, so consult the preparation materials from your recruiter to know what areas will be the most important for your position.  Amazon data scientists must write code and develop sophisticated algorithms that synthesize data coming in from multiple sources. You’ll need to demonstrate that you have the technical knowledge necessary to analyze and manipulate that data. Expect interviewers to test you on SQL, data structures, algorithms, and some modeling. Most candidates report solving data structure and algorithm questions using Python and solving modeling questions with Python or R. In most cases you will be coding on a whiteboard (or the virtual equivalent), but some candidates have reported entirely verbal onsite interview rounds. This shows how important communication skills are to Amazon, so practice both writing your scripts on paper and speaking through your reasoning.  Practice using the example questions below. For more help, use our list of 49 real Amazon coding interview questions. Amazon data scientist interview questions: coding SQL Data structure and algorithms Modeling Amazon data scientists must develop services and solve problems that are endlessly complex and constantly evolving. So your interviewer will test your ability to build innovative algorithms that improve and remain accurate over time. Depending on the role, your interviewer may ask you to define and discuss specific ideas around system design and machine learning models. More in-depth machine learning rounds will require you to build out a hypothetical model or discuss how to improve existing ones related to real-life Amazon business decisions. According to Glassdoor, some general topics that have come up before on Amazon machine learning interviews include unsupervised machine learning, bias-variance tradeoff, PCA, and recurrent neural networks, in addition to the full questions below.  Let’s get into them. Amazon data scientist interview questions: machine learning Amazon’s leadership principles tie into every step of the interview process, and interviewers will test your affinity with them through behavioral questions. Even in the technical rounds, your interviewers are looking for you to live and breathe these 16 principles, so spend extra time studying them. If you're not already familiar with Amazon's leadership principles, here is the full list: As you prepare for your interviews, you'll want to be strategic about practicing ""stories"" from your past experiences that highlight how you've embodied each of the 16 principles listed above. We'll talk more about the strategy for doing this in section 3 below (the preparation section). To help you start practicing, we've compiled the following list of behavioral questions asked at Amazon data science interviews. We recommend that you practice each of them. In addition, we also recommend practicing the behavioral questions in our Amazon behavioral interview guide, which covers a broader range of behavioral topics related to Amazon’s leadership principles. In the questions below, we’ve suggested the leadership principle that each question may be addressing. For any principles that were not reflected in the Amazon data scientist interview questions on Glassdoor, we’ve added a question from the Amazon SDE interview. Let's get to it. Amazon data scientist interview questions: leadership principles (behavioral) Note: For the two questions related to the principles Strive to be Earth's Best Employer and Success and Scale Bring Broad Responsibility, we have created our own questions. As these principles are new at the time of publishing, we do not yet have Glassdoor data that addresses them. Amazon data scientists have to derive useful insights from large and complex datasets, which makes statistical analysis an important part of their daily work. Interviewers will look for you to demonstrate the robust statistical foundation needed in this role. Review some fundamental statistics and how to give concise explanations of statistical terms, with an emphasis on applied statistics and statistical probability. Some general topics that interviewers have asked about in previous interviews include A/B testing, normalization, and Bayes theorem.  In addition to these general topics, you’ll find complete questions to work through below. Amazon data scientist interview questions: statistics Now that you know what questions to expect, let's focus on how to prepare. Below is our four-step prep plan for Amazon, which also applies to Amazon Web Services. If you're preparing for more companies than just Amazon, then check our generic data science interview preparation guide. Most candidates fail to do this. But before investing tens of hours preparing for an interview at Amazon, you should take some time to make sure it's actually the right company for you. Amazon is prestigious, and it's tempting to assume that you should apply without considering things more carefully. But it's important to remember that the prestige of a job alone won't make you happy in your day-to-day work. It's the type of work and the people you work with that will. If you know anyone who works at Amazon or used to work there, as a data scientist or in another role, talk to them to understand what the culture is like. The leadership principles we discussed above can give you a sense of what to expect, but there's no replacement for a conversation with an insider.  Finally, we would also recommend reading the following resources: As mentioned above, you'll encounter four main types of interview questions at Amazon: coding, machine learning, statistics, and leadership principles. Use each category below to find resources to help you prepare. To get an idea of larger innovations and research that you may be taking part in as an Amazon data scientist, take a look at Amazon.science. For more information about how to prepare for case studies, take a look at our guide to data science case interviews. For the coding interview questions, start with the video below that shows a step-by-step method by Amazon for answering programming questions. Practice the method using example questions such as those in section 2.1, or those relative to coding-heavy Amazon positions (e.g. Amazon software development engineer interview guide).   Also, practice SQL and programming questions with medium and hard level examples on LeetCode,  HackerRank, or StrataScratch. Take a look at Amazon’s technical topics page, which, although it’s designed around software development, should give you an idea of what they’re looking out  for. For even more help with SQL, read this analysis of the 3 ""types"" of SQL problems. Note that in the onsite rounds you’ll likely have to code on a whiteboard without being able to execute it, so practice writing through problems on paper. For machine learning and statistics questions, Brilliant.org offers online courses designed around statistical probability and other useful topics, some of which are free. Kaggle also offers free courses around introductory and intermediate machine learning, as well as data cleaning, data visualization, SQL, and others. Search for specific questions and answers around statistics, machine learning, data analysis, and others on StackExchange. Finally, you can post your own questions and discuss topics likely to come up in your interview on Reddit’s statistics and machine learning threads. For behavioral interview questions, we recommend learning our step-by-step method for answering behavioral questions.  You can then use that method to practice answering the example questions provided in section 2.3 above. This is especially important for Amazon’s leadership principles. Make sure you have at least one story or example for each of the principles, from a wide range of positions and projects. Finally, a great way to practice all of these different types of questions is to interview yourself out loud. This may sound strange, but it will significantly improve the way you communicate your answers during an interview. Play the role of both the candidate and the interviewer, asking questions and answering them, just like two people would in an interview. Trust us, it works. Practicing by yourself will only take you so far. One of the main challenges of data scientist interviews at Amazon is communicating your different answers in a way that's easy to understand. As a result, we strongly recommend practicing with a peer interviewing you. If possible, a great place to start is to practice with friends. This can be especially helpful if your friend has experience with data scientist interviews, or is at least familiar with the process. Finally, you should also try to practice data science mock interviews with expert ex-interviewers, as they’ll be able to give you much more accurate feedback than friends and peers If you know a data scientist or someone who has experience running interviews at Amazon or another big tech company, then that's fantastic. But for most of us, it's tough to find the right connections to make this happen. And it might also be difficult to practice multiple hours with that person unless you know them really well. Here's the good news. We've already made the connections for you. We’ve created a coaching service where you can practice 1-on-1 with ex-interviewers from leading tech companies. Learn more and start scheduling sessions today.   Back to Amazon The Amazon data scientist interviews include recruiter and tech screens, followed by an on-site interview. The data science interview questions asked by Amazon focus heavily on machine learning and algorithms, and to a lesser extent, SQL and Python. However, in addition to technical skills, candidates are also assessed on their critical thinking, problem-solving skills, and adherence to Amazon’s 14 leadership principles. Data scientists at Amazon perform a variety of functions, depending on the team they work with. An Amazon data scientist might be tasked with: Amazon only hires experienced and highly qualified data professionals, and the company has some of the most rigorous standards in the industry. General requirements for Amazon data science roles include: Preferred Qualifications (Data Scientist) Many Amazon data science roles have additional qualifications including: The interview process at Amazon is similar to other tech companies. The basic difference here is that there are no take-home challenges. The interview process usually starts with an initial phone screen by a recruiter or a team manager. After this, you will face a technical phone screening, which includes a coding challenge. Finally, you will be invited for an on-site interview which is usually done in five stages, with an informal interview over a lunch break. 1. Recruiter Screen                                                       Get our subscriber-only content. Dive Deeper, learn smarter, and make your interview prep count.  Error: Message: stale element reference: stale element not found in the current frame
  (Session info: chrome=131.0.6778.69); For documentation on this error, please visit: https://www.selenium.dev/documentation/webdriver/troubleshooting/errors#stale-element-reference-exception
Stacktrace:
#0 0x5a87b7faf4ca <unknown>
#1 0x5a87b7ac2620 <unknown>
#2 0x5a87b7ac83e3 <unknown>
#3 0x5a87b7aca8a8 <unknown>
#4 0x5a87b7aca933 <unknown>
#5 0x5a87b7b0bac2 <unknown>
#6 0x5a87b7b35372 <unknown>
#7 0x5a87b7b05938 <unknown>
#8 0x5a87b7b3553e <unknown>
#9 0x5a87b7b53de0 <unknown>
#10 0x5a87b7b35113 <unknown>
#11 0x5a87b7b03be0 <unknown>
#12 0x5a87b7b04bbe <unknown>
#13 0x5a87b7f7be4b <unknown>
#14 0x5a87b7f7fde2 <unknown>
#15 0x5a87b7f68d2c <unknown>
#16 0x5a87b7f80957 <unknown>
#17 0x5a87b7f4e4bf <unknown>
#18 0x5a87b7f9e348 <unknown>
#19 0x5a87b7f9e510 <unknown>
#20 0x5a87b7fae346 <unknown>
#21 0x7d11d9dcdac3 <unknown>
"
Microsoft,Product Manager,"['https://www.glassdoor.co.in/Interview/Microsoft-Product-Manager-Interview-Questions-EI_IE1651.0,9_KO10,25.htm', 'https://www.tryexponent.com/guides/microsoft-pm-interview', 'https://medium.com/towardsproduct/microsoft-pm-new-grad-interview-experience-c0abf554951d']","                                                                                             Copyright © 2008-2024. Glassdoor LLC. ""Glassdoor,"" ""Worklife Pro,"" ""Bowls,"" and logo are proprietary trademarks of Glassdoor LLC.  Connecting people through compelling and effective products is the top priority at Microsoft, one of the most recognized names in tech. Its mission, after all, is to “empower every person and every organization on the planet to achieve more.” From the Microsoft 365 productivity suite to the Windows operating system to Azure and more, product managers contribute to this mission by driving innovative developments in the company’s product roadmap. If you’re interested in building complex products in a data-driven, customer-obsessed environment, working as a product manager (PM) at Microsoft might be a great fit. Below, we explain how to prepare for a product manager interview at Microsoft. This guide was written with the help of a product manager at Microsoft. Product management at Microsoft is a diverse field that varies depending on your prospective team. However, regardless of role, there are a handful of similarities between PM positions. In general, all Microsoft PMs spend their time: Check out Microsoft’s job board for recent product manager listings. Product management represents a fusion of the hard skills of business and technology with the soft skills of leadership and community-building. Microsoft PMs work not only for the goals and needs of their product’s customers but also within the larger product ecosystem of the company and the needs of stakeholders. As a prospective PM, think about your own passion for leadership and how you can articulate this throughout the application and interview process. Education: Very few Microsoft PM roles require more than a Bachelor’s Degree. In general, Microsoft’s hiring managers are more interested in the specific experience you bring to your prospective product ecosystem. As a result, your degree is not as important as your ability to share your previous experiences, although a business or technology-related field is always a plus. Many roles have qualifications for competency with certain platforms, business practices, and/or software. A Master of Business Administration (MBA) or a Master’s in Computer Science (MSCS) can help your application, especially if your undergraduate degree is in a nontechnical field. Experience: Previous examples of leadership and strong communication, particularly in technology, are always a plus when applying to PM jobs. Additionally, Microsoft highly prioritizes specific competencies that relate to the role itself. Depending on the level of seniority, Microsoft PM roles generally seek 5-10+ years of previous experience in product/service/project/program management, or software development. This makes it a great mid-career opportunity or career transition out of a technical individual contributor role, although there are also opportunities for younger candidates. Since every role has unique requirements, we have included two examples for different PM positions. Here are the requirements for a PM working on the Azure Artificial Intelligence team working on LLMs and Generative AI tools: Here are the requirements for a principal product manager working on the responsible AI team: Microsoft PM salaries range from $194-285K per year, including bonus and stock. Practice your communication skills with a mock interview before applying. Microsoft’s PM interview process consists of three phases: All Microsoft interviews are virtual (with some exceptions such as university recruiting events), and take place on Microsoft Teams unless another software is needed. However, the 4-6 mixed interviews are often done as a batch in one day to streamline the speed of the candidate’s assessment, like an onsite interview loop would traditionally be structured. The first stage of the Microsoft PM interview process is a standard recruiter call (roughly 30 minutes) to see if you’re a good fit for the company. Expect a mix of behavioral questions, alongside preliminary product tests. Try a peer mock interview! There are options to strengthen your interview skills in product design, system design, and behavioral. Prepare to explain why you would be a good culture fit at Microsoft, and express interest and knowledge in the company’s product ecosystem whenever possible. From here, your recruiter will share additional insights on how the next interviews are structured. If there are any concepts that the recruiter mentions that you aren’t super confident in, try to brush up on them. Some behavioral questions worth practicing include: After the recruiter screening is a brief 30-minute first round that consists largely of behavioral questions. Below are a few questions you can expect at this stage: According to a current Microsoft PM, it’s best to avoid generic answers. For example, when asked, “What’s your favorite product and why?” many candidates typically respond with an app. To stand out, consider offering a more creative and memorable answer, like a shopping bag. However, before answering, you can also double-check with the hiring manager by asking if they’re looking specifically for answers about a Microsoft product, another app, etc. Microsoft’s onsite loop, scheduled to take place over one day, includes 4-6 sessions with prospective colleagues and stakeholders. Each session runs between 45-50 minutes and involves only one interviewer. Interviewers generally ask a mix of technical and behavioral questions, which we cover in more depth below. If the role you’re applying for requires a technical competency, make sure to brush up on that coding language or ML skill before your interview loop. Though it isn’t common, some candidates take a programming quiz but this requirement ultimately depends on the PM role. Product design questions intend to assess your skills in analytics, execution, and product strategy. Microsoft seeks prospective PMs who have a strong sense of both technical and creative vision, and are excited by the possibility of working in Microsoft’s product ecosystem. Before interviewing, consider researching some interview frameworks to ensure you can answer the interview questions in a timely and effective manner. Learn more with the Complete PM Interview Course. With these questions, Microsoft is looking for: Learn about Microsoft's latest AI innovations through on-demand session recordings from Ignite, its annual global conference for developers and IT professionals. If there are any technical competencies required for your role, be prepared to incorporate them into your answers. Showing your passion and interest in Microsoft’s product ecosystem is a great way to strengthen your interview presence and make connections with your interviewer(s). Here are some product management fundamentals questions you can expect: Although data analytics, product design, and business strategy are a huge aspect of Microsoft PMs roles, leadership and communication are key to overall success. As a prospective PM, it’s essential to articulate creative product thinking to a variety of stakeholders and customers at different levels of technical competencies. During the onsite loop, expect to get lots of behavioral questions. Microsoft’s team uses them to identify: Many behavioral questions might resemble more complex versions of possible recruiter screen questions. Below are some behavioral questions commonly asked at Microsoft: Check out Exponent’s in-depth behavioral interview course. As a massive company with years of experience interviewing and onboarding hundreds of thousands of candidates, Microsoft has shared many of its own hiring tips and what stands out in a candidate. Microsoft prides itself on a strong sense of culture and achievement, and encourages prospective hires to engage with the product ecosystems before applying to develop a passion for and literacy in Microsoft products. Additionally, Microsoft also lists a set of core competencies that drive its product vision: Product vision is important, but Microsoft also seeks candidates who are driven by a desire to build a strong internal company culture. Below are its organizational values: Check out Microsoft’s Hiring Tips for more insights on the hiring process. Exponent is the fastest-growing tech interview prep platform. Get free interview guides, insider tips, and courses. Get updates in your inbox with the latest tips, job listings, and more.    Error: Message: stale element reference: stale element not found in the current frame
  (Session info: chrome=131.0.6778.69); For documentation on this error, please visit: https://www.selenium.dev/documentation/webdriver/troubleshooting/errors#stale-element-reference-exception
Stacktrace:
#0 0x5a87b7faf4ca <unknown>
#1 0x5a87b7ac2620 <unknown>
#2 0x5a87b7ac83e3 <unknown>
#3 0x5a87b7aca8a8 <unknown>
#4 0x5a87b7aca933 <unknown>
#5 0x5a87b7b0bac2 <unknown>
#6 0x5a87b7b35372 <unknown>
#7 0x5a87b7b05938 <unknown>
#8 0x5a87b7b3553e <unknown>
#9 0x5a87b7b53de0 <unknown>
#10 0x5a87b7b35113 <unknown>
#11 0x5a87b7b03be0 <unknown>
#12 0x5a87b7b04bbe <unknown>
#13 0x5a87b7f7be4b <unknown>
#14 0x5a87b7f7fde2 <unknown>
#15 0x5a87b7f68d2c <unknown>
#16 0x5a87b7f80957 <unknown>
#17 0x5a87b7f4e4bf <unknown>
#18 0x5a87b7f9e348 <unknown>
#19 0x5a87b7f9e510 <unknown>
#20 0x5a87b7fae346 <unknown>
#21 0x7d11d9dcdac3 <unknown>
"
Facebook,AI/ML Engineer,"['https://www.glassdoor.co.in/Interview/Meta-Machine-Learning-Engineer-Interview-Questions-EI_IE40772.0,4_KO5,30.htm', 'https://igotanoffer.com/blogs/tech/facebook-machine-learning-engineer-interview', 'https://leetcode.com/discuss/career/545092/machine-learning-engineer-facebook']","                                                                                               Copyright © 2008-2024. Glassdoor LLC. ""Glassdoor,"" ""Worklife Pro,"" ""Bowls,"" and logo are proprietary trademarks of Glassdoor LLC.  Machine learning engineer interviews at Meta (formerly Facebook) are really challenging. The questions are difficult, specific to Meta, and cover a wide range of topics. The good news is that the right preparation can make a big difference, and can help you land an ML job at Meta. We have put together the ultimate guide below, to help you maximize your chances of success.  Special thanks to our expert Meta interview coaches, Engin, Pranav, and Tom for their insights. Here's an overview of what we'll cover: If you're applying at Meta for other engineering roles, we have interview guides for production engineer, data engineer, front-end engineer, and software engineer roles. Before we go into your Meta machine learning engineer interview process and questions, let’s take a look at the role first. A machine learning engineer at Meta uses machine learning and artificial intelligence advancements to solve Meta’s engineering problems across its diverse ecosystem of products, including its social media apps (Facebook, Instagram, Threads, Workplace), messaging (WhatsApp), AR/VR (Reality Labs) and others.  If you search for ‘machine learning engineer’ positions at Meta Careers, you’ll find most of them titled “software engineer, machine learning”. Your day-to-day will include writing and optimizing code for training and deploying AI/ML models and designing solutions for integrating AI/ML models into products or services.  There is another machine learning engineering position called “machine learning systems engineer”. The ML systems engineer is responsible for building the infrastructure supporting the development, deployment, and scaling of ML models and applications. As a Meta ML Engineer, you’ll have the opportunity to focus on projects you’re passionate about, whether it’s in content moderation, newsfeeds, translation, AR/VR, ads optimization, and others.  Engin, ex-engineering manager at Meta, says: “One aspect of the Meta engineering culture is that engineers are expected to influence a great deal what they want to work on and how they want to hold themselves accountable.”  So once you’re an ML engineer at Meta, it’s up to you to find projects that spark your passion so that you can develop in your role and make an impact. What skills are required for a Meta Machine Learning engineer? The minimum educational requirement for a Meta ML engineer is a bachelor’s degree in software engineering, computer science, or any related technical field.  Most posts will require 3 to 6 years of relevant engineering experience, in particular a focus on machine learning, recommendation systems, pattern recognition, NLP, data mining, or artificial intelligence.  If you’re applying for an ML systems engineer post, you’ll need at least 5 years of experience in a similar role. You’ll stand out if you have prior experience developing machine learning models at scale through the entire life cycle and if you’ve had technical leadership experience. Finally, you need to have excellent problem-solving and communication skills to stand out as a Meta ML engineer candidate. Different job postings will have even more unique requirements, so it’s important to read through each to find a position that matches your background and interests. Based on Glassdoor data, the median total pay for a Meta machine learning engineer is $276k, 40% higher than the median total pay for ML engineers in the US. Location is an important factor when it comes to salary. To compare, based on Glassdoor data: Most ML engineering posts at Meta are software engineer posts. So to give you an idea of how much Meta ML engineers make at the company, we’ve pulled the SWE info from Levels.fyi:  Ultimately, how you do in your interviews will help determine what you’ll be offered. That’s why hiring one of our ex-Meta interview coaches can provide such a significant return on investment. And remember, compensation packages are always negotiable, even at Meta. So, if you do get an offer, don’t be afraid to ask for more. If you need help negotiating, consider booking one of our salary negotiation coaches to get expert advice What's the Meta interview process and timeline for a machine learning engineer role? It normally follows the steps below:  Next, we'll dig into each of these steps in more detail. If you're interviewing for a machine learning engineering post with multiple companies, take a look at our guides to the Google ML engineer interview and the Amazon ML engineer interview. First, recruiters will look at your resume and assess if your experience matches the open position. This is the most competitive step in the process, as millions of candidates do not make it past this stage. So take extra care to tailor your resume to the specific position you're applying to. If you’re looking for expert feedback, get input from our team of ex-FAANG/MAANG recruiters, who will cover what achievements to focus on (or ignore), how to fine-tune your bullet points, and more. In most cases, you'll start your interview process with Meta by talking to an HR recruiter. They are looking to confirm that you've got a chance of getting the job at all, so be prepared to explain your background and why you’re a good fit at Meta. You should expect typical behavioral and resume questions like, ""Tell me about yourself"", ""Why Meta?"", or ""Tell me about your current project."" If you get past this first HR screen, the recruiter will then help schedule your next interview (a tech screen). One great thing about Meta is that they are very transparent about their recruiting process. As a result, your HR contact will probably walk you through the remaining steps in the hiring process at this time. The initial tech screen is a 45-minute interview with a Meta engineer. It’s designed to assess you on your technical skills.  Once you’re scheduled for this tech screen, be sure to let your recruiter know which coding language you’ll be using.  The session is divided into 3 parts: Introduction, during which you’ll be asked about yourself and your background. Prepare a succinct description of yourself, your professional experience, expertise, and interests. Keep it under 5 minutes. Coding, which is the bulk of the interview at 35 minutes. Expect to answer 2 coding problems focused on CS fundamentals like algorithms, data structures, recursions, and binary trees. If your tech screen is in person, prepare to whiteboard. If it’s through video or phone, prepare to code on an editor like coderpad.io. Make sure to clarify this with your recruiter when you get scheduled for a tech screen. Questions, during which the interviewer will give you 5 minutes to ask some questions about the job. During the tech screen, you’ll be assessed on your communication, problem-solving, coding, and verification skills.  When prepping for this part of the application process, set a timer to solve medium and hard questions in 15 minutes or less (as you’ll be solving 2 questions in 35 minutes), and practice talking your way through your process. Click here to download the official prep guide for Meta’s initial ML tech screen. Once you pass the initial tech screen, your recruiter will schedule you for the full interview loop. This is the real test. You'll typically do up to six different interviews on a set of topics, and you should plan to spend the full day interviewing. Each interview will last about 45 minutes and will focus on one of the following topics: During the full interview loop, you'll typically get two coding interviews, one or two ML system design interviews, and one behavioral interview. Just keep in mind that the exact breakdown might vary depending on the role, team, and level you're applying for. Click here to download the official prep guide for Meta’s full ML interview loop. It's worth briefly mentioning that some candidates have reported a different interview process, where they move from coding interviews straight to team matching interviews (which are similar to behavioral interviews). However, we would only expect that process for specialized roles or unique circumstances. So, you should prepare for the interview process outlined above, unless you have been informed otherwise by Meta. Throughout the interview process at Meta, the recruiter usually plays the role of ""facilitator"" and moves the process from one stage to the next. Here's an overview of what typically happens behind the scenes: It's also important to note that hiring managers and people who refer you have little influence on the overall process. They can help you get an interview at the beginning, but that's about it.   Okay, now that we've covered the interview process, let's dig into the three types of interviews that you'll encounter: Below, we've put together a summarized list of example questions for each of these interview types. We've also provided a few notes about them, which should help you get a better idea of what to expect. Let's jump in! Both before and during the full interview loop, you'll have coding interviews. For this part of the interview loop, expect to answer 2 coding questions per 45-minute interview session.  Meta's engineers (across disciplines) use code to solve some of the most difficult problems the company faces. As a result, it's essential for all of the company's new engineers to have strong foundational coding skills. Since you're applying for a machine learning position, you're probably wondering what kind of machine learning problems you'll be asked. We'll get into that more in the section below. But for coding interviews, you can expect data structure and algorithm questions that are very similar to the questions a normal Meta software engineer candidate would be asked.  So, to help you structure your preparation, we've pulled in the below summary of Meta's most common coding question categories. This information is based on our analysis of Glassdoor data for Meta software engineer interviews. We've also listed common examples of Meta software engineer coding questions below. To make these questions easier to study, we've modified the phrasing to match the closest problem on Leetcode or another resource, and we've linked to a free solution.  Finally, we recommend reading this guide on how to answer coding interview questions and practicing with this list of coding interview examples in addition to those listed below Example coding questions asked by Meta 1. Arrays / Strings (38% of questions, most frequent) 2. Graphs / Trees (29%) ""Check whether a given graph is Bipartite or not"" (Solution) 3. Dynamic Programming (18%) 4. Search / Sort (9%) 5. Linked lists (4%) 6. Stacks / Queues (2%) In the machine learning system design interview, you’ll be assessed on whether you can successfully design and build large-scale ML systems to solve some of Meta’s problems. It’s a 45-minute stand-alone session, and you can expect to undergo one or two. During this part of the interview loop, you’ll be assessed on your skills in problem navigation, training data, feature engineering, modeling, and evaluation & deployment. The questions you'll be asked are somewhat similar to system design questions, in that you'll need to outline a high-level approach for a system or problem. But, the primary difference is that you'll be expected to specifically develop a machine learning solution. So be sure to brush up on basic ML theory and algorithm details. The examples below are the three provided by Meta in their ML Engineer full interview loop prep guide. Many recent candidates on Glassdoor report getting these exact questions for the ML system design interview. Machine learning system design questions asked at Meta For the behavioral interview, and sometimes at the beginning of your other interviews, you'll be asked behavioral or ""resume"" questions. These questions focus on your past work experience, your qualifications, and your motivation for applying to Meta. In other words, it's a way for your interviewer to get to know you better. Behavioral questions are a great opportunity to tell your story, highlight your top qualifications, and demonstrate your alignment with Meta's values and culture. You should also be ready to drill down into the technical details of the projects on your resume and discuss the types of projects you'd like to work on in the future. Having clarity in these areas will help you make a strong impression in behavioral interviews.    Pranav, ex-Meta engineering manager, told us that Meta looks for the following key behavioral traits in engineers: Another thing that makes Meta unique is its bottom-up culture, says Tom, ex-data engineering manager at Meta. For every Meta candidate, especially those in the engineering roles, ""There is an expectation that you will have a strong level of autonomy, ownership and dealing with ambiguity."" Come prepared with stories of how you worked through ambiguity and how you demonstrated ownership in your previous roles. Below, we've listed several example behavioral questions that were asked in either Meta machine learning engineer or Meta software engineer interviews, according to data from Glassdoor. This should give you a good list of practice questions to start preparing with. Note that we've edited the language in some places to improve the clarity or grammar of the questions. Behavioral interview questions asked at Meta To practice with more general behavioral questions, check out our Meta behavioral interview guide. You might be a fantastic ML engineer, but unfortunately, that won’t necessarily be enough to ace your interviews at Meta. Interviewing is a skill in itself, that you need to learn. Let’s look at some key tips to make sure you approach your interviews in the right way.   Often the questions you’ll be asked will be quite ambiguous, so make sure you ask questions that can help you clarify and understand the problem. Most of the questions will focus on testing your technical proficiency. You need to walk your interviewer through your thought process before you actually start coding or designing a system. Meta also recommends that you talk even while coding as they want to know how you think. Your interviewer may give you hints about whether you’re on the right track or not.  During your technical interviews, you’ll also be assessed on your communication skills, or the way you talk through your problem-solving process. Use this as your opportunity to show how well you communicate and collaborate with colleagues by treating your coding interview like a conversation.  During your ML system design interview, you need to explicitly state assumptions and check with your interviewer to see if those assumptions are reasonable.  When you code, present multiple possible solutions if you can. Meta wants to know your reasoning for choosing a certain solution.  Make sure to review Meta’s core values and align your behavioral responses with them. Prepare anecdotes/concrete examples from your professional experience corresponding to each Meta core value. To be more efficient, adapt your stories so they can respond to different values. When coding or designing a system, don’t necessarily go for the perfect solution straight away. Meta recommends that you first try and find a solution that works, then iterate to refine your answer. Keep your code simple–if you can’t explain it in 5 minutes, it might be too complex. Make sure to keep your code organized so your interviewer won’t have a hard time understanding what you’ve written. Meta wants to see that your code has captured the right logical structure. Meta typically asks interviewees to code in CoderPad.io if the interview is done online. But if the interview is in person, you might be asked to code on paper or a whiteboard. You can check with your recruiter which it will be if you’re not sure which medium to use Now that you know what questions to expect, let's focus on how to prepare. It's no secret that the performance bar at Meta is quite high. To help you maximize your chances of landing an offer, we've listed the four steps we recommend taking to prepare below. Most candidates fail to do this. But before investing a ton of time preparing for an interview at Meta, you should make sure it's actually the right company for you. Meta is prestigious and so it's tempting to assume that you should apply, without considering things more carefully. But, it's important to remember that the prestige of a job (by itself) won't make you happy in your day-to-day work. It's the type of work and the people you work with that will. If you know any engineers, data scientists, or other professionals who work at Meta (or used to) it's a good idea to talk to them to understand what the culture is like.  In addition, we would recommend checking out these resources: As mentioned above, you'll have three main types of interviews for the ML engineering position at Meta: coding, machine learning system design, and behavioral.  For coding interviews, we recommend reading this article written by an ex-Meta interviewer to understand more about the step-by-step approach you should use to solve coding questions in an interview. If you're looking for the best resource for prepping for coding interviews, we recommend using our comprehensive coding interview prep guide as your prep launchpad. There you'll find interviewing and preparation tips and links to deep-dive resources on answer methods, data structures, algorithms, and example questions. When practicing coding, set a timer for 15 minutes or less per problem. Get used to writing writing code without executing it–without the help of a compiler and debugger–to simulate the coding interview process. Practice solving fewer example problems of as many problem types as you can, so you’ll be better prepared, instead of deep diving into one type of problem. For machine learning system design interviews, we recommend that you study Meta's machine learning field guide to make sure you understand the end-to-end process for implementing machine learning solutions. Then, you can get some practice using the example questions we've provided in section 3.2 above. You can also use our general how to answer system design questions guide which covers a step-by-step method for answering system design questions. Meta recommends practicing for the ML system design interview by taking any well-known app and picking a system that could benefit from a machine learning solution. For behavioral interviews, we recommend learning our step-by-step method for answering behavioral questions. Then, you can practice answering the questions listed in section 3.3 above. If you have more time to prepare, then you can prepare even more ""stories"" summarizing your top qualifications or important lessons that you've learned. Meta has great prep guides for the initial tech screen and full interview loop. Download and review them as closely as possible and use their coding exercises when practicing. Finally, a great way to practice all of these interviews is to interview yourself out loud. This may sound strange, but it will significantly improve the way you communicate your answers during an interview. Play the role of both the candidate and the interviewer, asking questions and answering them, just like two people would in an interview. Trust us, it really helps! Once you’re in command of the subject matter, you’ll want to practice answering questions. But by yourself, you can’t simulate thinking on your feet or the pressure of performing in front of a stranger. Plus, there are no unexpected follow-up questions and no feedback. That’s why many candidates try to practice with friends or peers. If you have friends or peers who can do mock interviews with you, that's an option worth trying. It’s free, but be warned, you may come up against the following problems: For those reasons, many candidates skip peer mock interviews and go straight to mock interviews with an expert.  In our experience, practicing real interviews with experts who can give you company-specific feedback makes a huge difference. Find a Meta interview coach so you can: Landing a job at a big tech company often results in a $50,000 per year or more increase in total compensation. In our experience, three or four coaching sessions worth ~$500 make a significant difference in your ability to land the job. That’s an ROI of 100x! Click here to book machine learning engineer mock interviews with experienced ML interviewers. Last Edit: August 29, 2023 11:29 PM I made it to the final round for the Machine Learing Engineer position at Facebook. The final round interview is virtual (thanks to Corona) and will consist of:
2 - General Algorithmic Coding questions
1 - Machine Learning Design
1 - General Systems Design
1 - Career Background
Most of these I know what I need to do to prepare but the content given to me for the Machine Learning Design is scarce to say the least but typical example questions for these are:
Design a newsfeed ranking algorithm
Design local search ranking
Design if an old post would be good for ""On this Day"" memories feature
This is the key highlights of what is expected for the Machine Learning Design interview:
You should be able to describe the components of an end-to-end ML system, including but not
limited to; model development, evaluation, and deployment.
You should be able to use existing toolsets to model the problem and break down its
components.
Be ready to analyze your approach while understanding the tradeoffs between your design
decisions.
We expect you to have a good understanding of common ML tools/techniques, but we do not
expect you to know and memorize every ML algorithm out there.
Now, although I know Machine learning decently well (I would like to think so) and I do mainly do Machine/Deep learning at my curreny job. I have never designed a Machine learning system. Thus I am not sure how to prepare for this particular portion of the interview and I have not really found much material online in terms of designing machine learning system.
Any advice would be greatly appreciated. My interview is set in the beginning week of April. I made it to the final round for the Machine Learing Engineer position at Facebook. The final round interview is virtual (thanks to Corona) and will consist of:   Most of these I know what I need to do to prepare but the content given to me for the Machine Learning Design is scarce to say the least but typical example questions for these are:   This is the key highlights of what is expected for the Machine Learning Design interview:   You should be able to use existing toolsets to model the problem and break down its
components.   Be ready to analyze your approach while understanding the tradeoffs between your design
decisions.   We expect you to have a good understanding of common ML tools/techniques, but we do not
expect you to know and memorize every ML algorithm out there.   Now, although I know Machine learning decently well (I would like to think so) and I do mainly do Machine/Deep learning at my curreny job. I have never designed a Machine learning system. Thus I am not sure how to prepare for this particular portion of the interview and I have not really found much material online in terms of designing machine learning system.  Any advice would be greatly appreciated. My interview is set in the beginning week of April. @Vulfgang11 I found this :https://research.fb.com/blog/2018/05/the-facebook-field-guide-to-machine-learning-video-series/ as the most important resource to prepare for FB ML interview. Please go through it extensively and work out the examples they have mentioned. They also go through tips and tricks that ML Engineer should know. You can mention them during your interview.
All the very best! I interviewed back in November and got the job at their NYC office. The ML round was fairly casual and we just talked through a use case without hard questions. I had studied a few ML textbooks extensively and they were kind of an overkill. Also, when I was preparing, I found it tricky to talk about ML at a level that's broad enough to cover an end-to-end ML system. You never want to go directly into technical details like ""I'm gonna train a transformer model and rank news stories based on latent representations."" My advice is to ""reverse engineer"" a couple ML use cases and talk through them with a friend. I found many companies' technical blog posts very useful. More specifically about Facebook, there are a few videos on YouTube on how they do ML. For now I know only one analog of the system design primer and it's https://github.com/chiphuyen/machine-learning-systems-design. Might be helpful. Here is the new post where I share my experience: https://leetcode.com/discuss/interview-question/563659/Facebook-ML-Engineer-(Santa-Monica)-(Pending) do let us know how it goes! One of the questions I was asked at amazon was, Design a video classification system of cats/dogs. The interviewer was mostly interested in temporal approach.
I spoke about different methods of collecting data. Using basic models. Evaluation using learning curves. Metrics to be used. Temporal methods for such purpose are not needed but never the less the interviewer was a recent graduate and wanted to hear what he wanted. I like these two:     I'm in a similar boat with Android system design interviews. What I've been doing is picking random apps off the app store and drawing out how I would design them. Maybe try doing that for random machine learning algorithms? Like draw out how you would design Netflix's recomendation system? It's vague at first, but if you practice a few times you'll come up with your own systematic way of designing that you can use in the interview. Could you give more insight with respect to this point : - You should be able to use existing toolsets to model the problem and break down its components.
Thanks. thanks to corona... lol...."
Apple,DevOps Engineer,"['https://www.glassdoor.co.in/Interview/Apple-Devops-Engineer-Interview-Questions-EI_IE1138.0,5_KO6,21.htm', 'https://www.geeksforgeeks.org/apple-interview-experience-for-devops-engineer/', 'https://kshitizzb.medium.com/apple-interview-experience-cloud-data-engineer-b7775d907def', 'https://interviewing.io/guides/hiring-process/apple']","                                                                                      Copyright © 2008-2024. Glassdoor LLC. ""Glassdoor,"" ""Worklife Pro,"" ""Bowls,"" and logo are proprietary trademarks of Glassdoor LLC.  Introduction: Hello everyone! I hope you’re all doing well. My name is Ashritha Soma and I’m from Vignan Institute of Technology and Science, and I have been working as a DevOps Engineer at Apple. I would like to share my interview experience for the DevOps Engineer position, which consisted of multiple rounds and assessments. – Duration: 2 hours – Focus: Technical skills, problem-solving abilities – Background: With my prior experience in DevOps practices and automation, I tackled coding problems related to automation, scripting, and infrastructure management. The assessment specifically tested my knowledge of Continuous Integration/Continuous Deployment (CI/CD) pipelines, version control systems like Git, and Infrastructure as Code (IaC) tools such as Terraform and Ansible. – Duration: 1 hour – Focus: DevOps principles, CI/CD pipelines, cloud platforms, containerization technologies – Experience: I engaged in an in-depth discussion about implementing DevOps practices, optimizing CI/CD pipelines, working with cloud platforms like AWS and Azure, and utilizing containerization technologies such as Docker and Kubernetes. I shared my experiences with infrastructure management and scalability in previous roles. – Duration: 1 hour – Focus: Scalable and reliable system architecture – Experience: Leveraging my knowledge of system design, I was presented with a scenario where I had to design a fault-tolerant and highly available system. I discussed deployment strategies, rollbacks, and the importance of effective monitoring and logging for system reliability. – Duration: 45 minutes – Focus: Soft skills, teamwork, collaboration – Experience: Drawing upon my experience working in cross-functional teams, I shared examples of how I handled conflict resolution, problem-solving, and effective communication in team environments. I highlighted my leadership skills and ability to collaborate effectively to achieve project goals. – Duration: 30 minutes – Focus: Apple’s culture, DevOps practices, and alignment with company goals – Experience: In this final round, I had the opportunity to discuss Apple’s DevOps culture and values. I shared my aspirations and goals within the company and engaged in a conversation about team dynamics, growth opportunities, and the exciting projects that lay ahead. Overall, the interview experience for the Apple DevOps Engineer position was comprehensive and provided an opportunity to showcase my technical skills, problem-solving abilities, and experience in DevOps practices. It offered valuable insights into Apple’s DevOps culture and allowed me to demonstrate my passion and commitment to the field of DevOps engineering. Are you feeling lost in OS, DBMS, CN, SQL, and DSA chaos? Our Complete Interview Preparation Course is your solution! Trusted by over 100,000+ Geeks, it covers all essential topics, ensuring you're well-prepared for technical challenges. Join the ranks of successful candidates and unlock your placement potential. Enroll now and start your journey to a successful career!  Error: Message: stale element reference: stale element not found in the current frame
  (Session info: chrome=131.0.6778.69); For documentation on this error, please visit: https://www.selenium.dev/documentation/webdriver/troubleshooting/errors#stale-element-reference-exception
Stacktrace:
#0 0x5a87b7faf4ca <unknown>
#1 0x5a87b7ac2620 <unknown>
#2 0x5a87b7ac83e3 <unknown>
#3 0x5a87b7aca8a8 <unknown>
#4 0x5a87b7aca933 <unknown>
#5 0x5a87b7b0bac2 <unknown>
#6 0x5a87b7b35372 <unknown>
#7 0x5a87b7b05938 <unknown>
#8 0x5a87b7b3553e <unknown>
#9 0x5a87b7b53de0 <unknown>
#10 0x5a87b7b35113 <unknown>
#11 0x5a87b7b03be0 <unknown>
#12 0x5a87b7b04bbe <unknown>
#13 0x5a87b7f7be4b <unknown>
#14 0x5a87b7f7fde2 <unknown>
#15 0x5a87b7f68d2c <unknown>
#16 0x5a87b7f80957 <unknown>
#17 0x5a87b7f4e4bf <unknown>
#18 0x5a87b7f9e348 <unknown>
#19 0x5a87b7f9e510 <unknown>
#20 0x5a87b7fae346 <unknown>
#21 0x7d11d9dcdac3 <unknown>
 Apple’s interview process consists of the following steps: Before we get into the details of each of these steps, here are a few general notes about Apple’s hiring process, evaluation criteria, and interview experience. Humans in groups act out a chosen metaphor; Apple isn’t a sports team. They’re an army. Their army is made up of people obsessed with making great products. And they look to hire people who’ve embedded Apple products into their lives. Armies reward loyalty more than sports teams. Apple also has the longest tenured employees in FAANG (we're including Microsoft with FAANG for the purposes of this guide). Apple is decentralized and lets candidates interview with different teams concurrently; if you want to maximize your odds interview with as many teams as you have the appetite for. “I interviewed with like 12 teams. I got 2 offers. Along the way, I told one of the Apple recruiter’s I was interviewing for another Apple team and they shrugged it off; they didn’t care.” Apple’s interview process is more like what you might see at a startup than any other FAANG – from assigning which questions to ask to interviewer training to how hiring decisions get made. Significant inter-team variance is the norm, with each team essentially acting like a startup that’s coming up with its own way of conducting interviews. At Apple, there’s no formal interviewer training. It’s very ad hoc. Every team is different. There is literally no process. What each of the teams does is rely on one of their very senior engineers or someone very experienced. Apple has a lot of people with long tenures, like 15 years. One of my colleagues had been there for 22 years. At Apple, the more senior you get the more the team trusts you to come up with your own questions. So what the interviewers at Apple typically do: you come up with a question that's not online, and you make sure it’s relevant to what your team is doing. Then you pitch it to your manager or tech lead. Then you run with it. “One thing not enough candidates know about is this: there’s no such thing as an Apple interview. You apply for a team. Not the company. When people ask me “How to prepare for an Apple interview?” I say ask the recruiter. Because they usually know what types of questions are asked. The recruiter spends 30 minutes or an hour per debrief where engineers are talking about the details about the code. So if the recruiter is paying attention or is at least a little bit technical, they should have a clue whether it’s LeetCode-style questions or embedded style questions. So ask your Apple recruiter a forced-choice question like, ‘Is this interview more X or more Y?’” “I was one of the people to come up with a take-home assignment for candidates. Which was my favorite part of the process at Apple. We were hiring people for full-stack but not just any full-stack – we wanted people who were coding in Python on the back-end and a particular framework on the front-end. We cooked up a take-home which was a scaled down version of what they’d be doing on the job: an internal tool built in those exact technologies. We gave them that take home and had them work on it for a week. Then we discussed it at the onsite where we’d live-debug it and talk about architecture. I really liked this ‘Try before you buy’ style process. Because Apple really wants you to be productive in week 2, if not at the end of week 1.” Apple is the most likely to shock you; they’re more likely to ask you something you didn’t prepare for. Out of all the FAANGs, they’re the ones you can expect to do something unexpected, and some of their tactics can seem mercenary. Apple is the only FAANG which sometimes has a process to cut interviews short if the candidate clearly isn’t meeting the bar – if you don't perform above the bar for the first half of the interview, they’ll cancel the rest. “If by the fourth round, the hiring manager has gotten consistent feedback that doesn’t meet the bar, then they’d end the onsite early and reject the candidate.” Apple is not results or process oriented. They’re motivation oriented. In other words, they care more about the “Why” than the “What” or the “How”, and as such, they value behavioral interviews more than coding. Apple employees are obsessed with privacy. It’s not just marketing lip service. When asked if “privacy” is a buzzword at Apple, our interviewers said… “Privacy isn't just a buzzword. We are obsessed with it. To drive that part home. Because it’s so important. And as I mentioned, I was a part of a group focused on gathering user data - users here being Apple internal employees – to inform future products. Even at Apple, when we’re just getting data from internal employees, we anonymized the data. Just to practice what we preach. Privacy is huge. Another example to illustrate that is that people get fired for torrenting music.” “Unless you’re interviewing for a security role, very rarely. Technical people at Apple are hired to do what they do best. They have a whole army of compliance folks and lawyers to take care of that stuff. They also have an internal police force called “InfoSec”, which is the team which takes care of the secrecy stuff. Engineers are needed to do what they were hired to do: engineering.” Please see the section above called “A note about recruiter calls” for what to expect. We do encourage you to ask your recruiter what to expect for the rest of the process because as you’ll see, there is a lot of variance from team to team. “Ask your Apple recruiter forced choice questions with two options, such as, ‘Is this coding round more of a typical LeetCode round, or more of a domain-specific open ended deep dive into a specific technology?’” Like everything else at Apple, the format and technical questions presented in Apple phone screens can vary a ton. Verify this by asking your recruiter! Technical phone screens are coding interviews that range from 30 minutes to an hour. This tech interview may be between you and a single interviewer or sometimes a panel of interviewers. It may even be a hiring manager screen with a mix of behavioral questions and coding. In any case, the general format is a shared coding environment where the interviewer(s) can assess your ability to utilize basic data structures and algorithms concepts. Being able to provide a solution for coding questions and quickly analyze the runtime complexity of your solution are key skills to have going into this interview. The tooling used in Apple’s technical interview rounds depends on the team you’re interviewing with, but we’ve heard that some teams use CoderPad. Some teams give candidates a take-home assignment. They can give this around the same time they schedule a phone screen. The hiring manager is usually the person to decide whether or not candidates get one. There will be roughly six to eight in-person rounds of interviews, each of which will be with your future teammates. Each round will have least one, or possibly two, interviewers. Note that an onsite loop with one team at Apple will look very different than an onsite loop with another. Interviewers can ask whatever behavioral, coding, or system design questions they want; there is no standardization for Apple interview questions. However, before an interview loop takes place, some teams will do a quick, informal assignment of what kinds of questions each interviewer is supposed to ask so that they don’t all end up asking the same things. Moreover, Apple interviewers are untrained, and as soon as a senior engineer is hired they can start conducting interviews. Apple’s unpredictable nature makes it so some of their interview rounds can’t be categorized into behavioral, coding, or system design. Is a philosophical question about products a behavioral question? Not really. But they might ask one in a behavioral round. Are rapid fire infrastructure-focused open-ended trivia questions more system design or coding? It depends. For example, here’s how one Apple interviewer describes the behind-the-scenes top-down directive before an upcoming onsite. “Go find a question that would be a good one to ask for our team.” That interviewer then ran it up the chain to an engineer above them. Then, that question immediately got asked in the next interview. At Apple, each interview loop is specific to the needs of individual hiring managers – there is no canonical “Apple interview”, and everything is “made to order” for each specific team. That makes it difficult for candidates to prepare. Some teams at Apple prefer practical rounds. Sometimes, they’ll have you write a program on your own laptop and IDE. Other times, they’ll spend the whole round deep diving into a specific technology/use case that’s relevant for their team. For example, a team that wrote in Java and did a lot of work with concurrency had a whole round focused on concurrency in Java! Other teams do medium-ish LeetCode-style questions. At the end of the day, these interviews vary so widely it’s hard to give a specific directive, other than: ask your recruiter. For senior and above candidates, it’s more about demonstrating competence rather than needing to ace the question. For everything you need to prepare for Apple’s coding interview, check out the section called ""Apple coding interview preparation resources"" below. Apple interviewers tend to ask questions relevant to a specific team’s work. For instance, a team focused on building web services will tend to ask questions about that, while front-end teams may ask UI-related questions. It may be good to try to get a feel for the day-to-day work from the recruiter/hiring manager, as the job descriptions are not always the most helpful (remember: privacy!). In system design rounds, Apple interviewers love to hear about reliability. If you don’t know what else to talk about, dig into reliability. Apple’s most important round is usually behavioral or system design. Behavioral rounds are more important than coding rounds. “In behavioral, you gotta be a rockstar. You gotta be a leader. If you’re abrasive, or if you’re not a cultural fit, how are you going to lead the juniors? And system design is going to weigh a little more than behavioral. If you can’t code or if you’re a little rusty –if you’re good at system design and behavioral–we’ll forgive the subpar coding rounds.” An interesting paradox at Apple is: they highly value behavioral rounds but they don’t have a standardized way to assess candidates in those interviews “Towards the end of my career at Apple, we had a huge need for mobile developers. People who were able to do iOS apps. I was part of an R&D team. We mainly built web products in the beginning, but towards the end of my career we started doing more mobile stuff. We didn't want to hire someone who could only do mobile. We wanted someone who would be half as good at mobile stuff and half as good at web stuff, so they could plug themselves in anywhere. If the interview process was standardized across the whole company - you can imagine how hard that would be to test specifically for the niche skill set we needed. Within two days we cooked up a whole new homework assignment just for the ios candidates, we cooked up a whole new set of interview questions. We kept the behavioral part the same. But the technical part - we flipped it over just like that. And it was really good. We changed the way we graded, we were able to filter candidates based on the new set of questions. It was just fast. We didn't get any pushback from HR. We didn't have to work with compliance. We just did it. Really fast. Really nimble.” Because Apple doesn’t standardize their interviews, they’re particularly prone to bias. Sometimes the top down guidance to Apple interviewers is something like: “In the behavioral round, just see if you like them. See if you’d like to get a beer with them.” “[Interviews are never standardized.] And i’ll tell you why. Apple is a very secretive company. Everything is on a need to know basis. Also, it's a hugely political place. It was good for me because I understood the game. I didn’t blame the players I played the game. For those who understand the intricacies of politics, and simply accept the fact that it will happen when you have all Type-A people being paid a tremendous amount of money to do shitty little things, it's bound to happen. You have to accept it or you’re not going to play the game. Everything at Apple is very siloed. Even when it comes down to the cost center. Everything is super independent of one another. That's actually one of the strengths and weaknesses of Apple. We double effort for sure. But that doesn't matter to Tim Cook. They have billions of dollars to afford this – not a problem. I also really liked how it was siloed because teams and their priorities change, leadership changes, a lot of things change. Being able to decouple from the greater company enabled them to become one of the biggest, if not the biggest tech company in the world.” Even if rounds aren’t standardized, you will definitely be asked “Why Apple?”, and your answer needs to be on point. Some interviewers reject candidates solely for not having a good answer to this question. “Why Apple?” isn’t always a single question; they can spread this out into multiple questions and drill down on this for a good portion of a behavioral round. You can also expect other motivation-based (or “why”) questions. “A common red flag is giving generic answers to the ‘Why Apple?’ questions. If I didn't feel their passion or if they’re just treating Apple as another job, that’s usually a red flag for me regardless of their technical competence. They really have to somehow convince me – and this is an emotional response they have to bring out of me – they really have to convince me they really want to work at Apple, they really want to roll up their sleeves, and they really believe in our values: delighting the customer, sweating the details. Making awesome products… We only care about that. We don't care about anything else. That emotional response has to be drawn from me and if they don’t then I’m likely to say, ‘They were good but meh.’” “I can tell you about a great answer one candidate had for ‘Why Apple?”. He said something like… His wife and him were university students dating across two continents. This person said they shared a recent feature – I think it was like when you facetime and you can watch video in sync – he shared how that changed his life. His wife and him went through the whole international relationship because of that. That significantly helped their relationship.” Apple wants to hire candidates whose lives have integrated with the Apple products. And the reverse is true too. It's a fatal flaw to say, “I've never used an iPhone or a Macbook or an iPad” because those people clearly haven’t integrated Apple products deeply in their lives. Apple knows what they like, and they like their products! That doesn’t mean all you have to do is gush about the products to pass the behavioral round. It means you have to tell a genuine story which connects you and Apple products or services. Ideally, a story they will remember. Another behavioral factor debated among Apple interviewers is whether or not they agree with the idea that Apple is “cult-ish.” “Apple cares most about the ‘Why’. You see that rooted deeply in every apple person's DNA. ‘Why Apple?’ Right? I guess this is where people get this notion of Apple being a ‘cult-ish’ company. Much like Tesla, actually. They have a huge customer following, but you also see the same pattern with their employees. Actually, I totally subscribe to this ideology. Because you want a person you work with day in and day out to have that same passion. Sometimes you're going to have to work overtime. You're not going to get paid extra for that. Sometimes you're going to work weekends. Sometimes shit’s gonna hit the fan. You don't want to work with someone who whines about it. Our theory is that Apple is more likely to reward employees (and candidates) who act like the leader. If you listen to 1:00:36 - 1:02:05 in an interview with Steve Jobs, you’ll see some stark similarities to how Apple interviewers talk about the organization. In this clip, he says, “You know how many committees we have? None. We are organized like a startup.” He then describes the benefits of silos and dividing things up. Privacy and politics are the natural consequence of a place intentionally designed to be siloed and divided up and kept separate. It’s a cost that Apple accepts because the gain is increased productivity. Put people in closed systems (teams and orgs that don’t talk to other teams and orgs) and watch them get more done. This system works like blinders on a racehorse: it keeps vision focused down the track, on the goal, minimizing peripheral distraction. That’s all they need to see and they run/work faster because of it. One final aspect of Apple’s behavioral rounds is that they will ask you specific questions about relevant skills. For example, if a team works with big data, they will ask specifically about a time you have worked with large-scale distributed systems in the context of your answer. If you don’t have direct experience with the field, they will try to get as close as possible, like asking you for what tradeoffs you’ve made when choosing a storage system. These behavioral interview questions serve two purposes: showing you have had relevant experience in the context of what the team is hiring for and trying to get you to talk about a particular behavioral skill (e.g., leadership, conflict resolution). As evidenced by the highest chaos score, Apple doesn’t do many things in hiring consistently, across the whole company. One trend is that Apple teams rely on post-interview live discussions to make hiring decisions. This varies from somewhat informal (compared to the rest of FAANG) to laughably informal. “Post-onsite feedback for my org was 100% live discussions. At Apple I never had to write feedback. Which made me do more interviews. We made the decision on the same day. Everyone had to make a decision at the end of the day. Do an onsite, then at 5pm, we gather in a single meeting room, we do on the count of three: thumbs up, down, or in the middle. Then we talk after seeing the thumbs. And try to convince the people on the other side. If there’s less than 5 thumbs-up, then that might be an instant rejection. If there’s 6 or 7 or more thumbs up, the ‘thumbs up’ people try to convince the other side. Or in that same situation, the 3 or 4 thumbs down will try to convince the other side.” Because of the informal decision-making process and reliance on live discussion, managing the impressions of your interviewers is more important at Apple than at other FAANG. In these decision-making meetings, if there’s dissent, they strive for consensus. The people on one side try to convince the other side. This process can last 15-30 minutes on average; all FAANG companies say interviewers fight for candidates, but Apple tends to fight more than most of them. Because of their patterns of live-discussions and striving for consensus, Apple interviewers are more likely to fight for or against you (if your performance was on the fence) than any other FAANG, except maybe Netflix. Ultimately, the hiring manager for that particular role has the most say, which means that that’s the person you should be working to impress the most. “My manager wanted to hire this person. But he failed my interview so badly. I didn't want to argue with my manager but at the same time I didn't want to work with this person. Because we are hiring people we’d work with on a daily basis. So arguments happen a lot. And in this case, I was the only ‘no’ on the board and the candidate got rejected.” We’ve aggregated a bunch of useful Apple content for you! We have replays of candidates doing mock interviews with Apple interviewers, long-form solutions to common Apple questions, and deep dives into technical topics that tend to come up in Apple interviews. Below are a series of mock interview replays, conducted by Apple interviewers on our platform. Watch them so you can learn from others’ mistakes. Below are common questions that interviewers from Apple ask on our platform. Since our data comes from mock interviews, questions may not be exactly the same as what you'd see in real interviews. To figure out what technical topics will come up in your Apple interviews, we did two things. First, we spoke to a bunch of Apple interviewers in our community. Then we cross-referenced all the anecdotes we heard with Glassdoor data AND our own data-set of mock interviews in the style of Apple. Based on all of the above, here are the technical topics you’re likely to encounter: For more in-depth information on Apple and their hiring process, or to learn more about Apple’s company culture, be sure to check out the resources listed below. These documents will help you better prepare for software developer and software engineer interviews. Want to know if you’re ready to interview at Apple? Do anonymous mock interviews with real Apple interviewers, and see exactly where you stack up. Interview prep and job hunting are chaos and pain. We can help. Really. "
Netflix,Data Analyst,"['https://www.interviewquery.com/interview-guides/netflix-data-analyst', 'https://www.glassdoor.co.in/Interview/Netflix-Data-Scientist-Interview-Questions-EI_IE11891.0,7_KO8,22.htm', 'https://www.linkedin.com/posts/jay-feng-ab66b049_netflix-data-analyst-interview-questions-activity-7191496598021939200-JTg8/', 'https://medium.com/double-pointer/top-5-data-science-interview-questions-at-netflix-da4f8c78d8b1']","Back to Netflix Data analysts over at Netflix are primarily responsible for improving and maintaining the content recommendation algorithm and enhancing user experience. In addition, demographic-specific engagement and partnerships are facilitated and nurtured with data analytics. In this guide, we’ll go over how you can become a Netflix Data Analyst. You’ll be subjected to a demanding interview process where practical situations and questions related to analytics, SQL, and statistics will be asked. So, if you’re looking for an all-in-one guide, this article is for you. Netflix is known for its dedication to user experience and personalized recommendations. It places immense value on its culture and seeks employees who resonate with its ethos. As you’re applying for the role of Data Analyst within this dynamic environment, here’s what you may expect in the interview process: You may apply for the Data Analyst role at Netflix through several channels. This includes employee referrals, participation in community events, or directly via their career portal. As there are no bonuses for referrals, a recommendation can positively enhance your exposure to the recruitment team. It’s critical to note that securing a recruiter’s attention doesn’t guarantee an easier interview or decision-making process. Your interview process begins with an initial screening call with a recruiter. This phase aims to assess your technical skills, experience, and cultural fit. You’ll likely be asked to provide a resume, cover letter, and work samples highlighting your proficiency in data analysis, statistical modeling, and programming languages such as Python or R. Expect behavioral questions to assess your compatibility with Netflix’s culture and values. Next, you’ll progress to the technical interview phase. Your problem-solving abilities and technical expertise will be scrutinized during this stage. Netflix is known for its rigorous technical interviews, which typically include coding challenges, algorithmic problems, and data analysis exercises. Additionally, the Hiring Manager, who would be your immediate boss upon hiring, will delve into both technical and behavioral aspects of the Data Analyst role. Depending on the role’s seniority, you’ll proceed to on-site interviews that span at least half a day. During this stage, you’ll engage with multiple interviewers. These interviewers will encourage you to delve into in-depth technical discussions. Each interviewer will contribute to the ultimate decision-making process. Expect behavioral questions about organizational qualities and technical questions about SQL queries, Python libraries, and a few statistical fundamentals. Here are a few recurring Netflix Data Analyst interview questions and their example answers to help you prepare better for the role:                                                                                                                                                         Get our subscriber-only content. Dive Deeper, learn smarter, and make your interview prep count.                                                                                          Copyright © 2008-2024. Glassdoor LLC. ""Glassdoor,"" ""Worklife Pro,"" ""Bowls,"" and logo are proprietary trademarks of Glassdoor LLC.      By clicking Agree & Join, you agree to the LinkedIn User Agreement, Privacy Policy, and Cookie Policy. Already on Linkedin? Sign in      Error: Message: stale element reference: stale element not found in the current frame
  (Session info: chrome=131.0.6778.69); For documentation on this error, please visit: https://www.selenium.dev/documentation/webdriver/troubleshooting/errors#stale-element-reference-exception
Stacktrace:
#0 0x5a87b7faf4ca <unknown>
#1 0x5a87b7ac2620 <unknown>
#2 0x5a87b7ac83e3 <unknown>
#3 0x5a87b7aca8a8 <unknown>
#4 0x5a87b7aca933 <unknown>
#5 0x5a87b7b0bac2 <unknown>
#6 0x5a87b7b35372 <unknown>
#7 0x5a87b7b05938 <unknown>
#8 0x5a87b7b3553e <unknown>
#9 0x5a87b7b53de0 <unknown>
#10 0x5a87b7b35113 <unknown>
#11 0x5a87b7b03be0 <unknown>
#12 0x5a87b7b04bbe <unknown>
#13 0x5a87b7f7be4b <unknown>
#14 0x5a87b7f7fde2 <unknown>
#15 0x5a87b7f68d2c <unknown>
#16 0x5a87b7f80957 <unknown>
#17 0x5a87b7f4e4bf <unknown>
#18 0x5a87b7f9e348 <unknown>
#19 0x5a87b7f9e510 <unknown>
#20 0x5a87b7fae346 <unknown>
#21 0x7d11d9dcdac3 <unknown>
"
Uber,Frontend Engineer,"['https://medium.com/@iamjaasi/uber-sde-2-frontend-interview-experience-40c1a7437cc0', 'https://www.glassdoor.co.in/Interview/Uber-Front-End-Engineer-Interview-Questions-EI_IE575263.0,4_KO5,23.htm', 'https://prepfully.com/interview-guides/uber-front-end-engineer']","Error: Message: stale element reference: stale element not found in the current frame
  (Session info: chrome=131.0.6778.69); For documentation on this error, please visit: https://www.selenium.dev/documentation/webdriver/troubleshooting/errors#stale-element-reference-exception
Stacktrace:
#0 0x5a87b7faf4ca <unknown>
#1 0x5a87b7ac2620 <unknown>
#2 0x5a87b7ac83e3 <unknown>
#3 0x5a87b7aca8a8 <unknown>
#4 0x5a87b7aca933 <unknown>
#5 0x5a87b7b0bac2 <unknown>
#6 0x5a87b7b35372 <unknown>
#7 0x5a87b7b05938 <unknown>
#8 0x5a87b7b3553e <unknown>
#9 0x5a87b7b53de0 <unknown>
#10 0x5a87b7b35113 <unknown>
#11 0x5a87b7b03be0 <unknown>
#12 0x5a87b7b04bbe <unknown>
#13 0x5a87b7f7be4b <unknown>
#14 0x5a87b7f7fde2 <unknown>
#15 0x5a87b7f68d2c <unknown>
#16 0x5a87b7f80957 <unknown>
#17 0x5a87b7f4e4bf <unknown>
#18 0x5a87b7f9e348 <unknown>
#19 0x5a87b7f9e510 <unknown>
#20 0x5a87b7fae346 <unknown>
#21 0x7d11d9dcdac3 <unknown>
                                                                                                       Copyright © 2008-2024. Glassdoor LLC. ""Glassdoor,"" ""Worklife Pro,"" ""Bowls,"" and logo are proprietary trademarks of Glassdoor LLC.  Products Resources 🔥 Perfect Match Talk to a Senior Frontend Engineer at Uber 15 yrs Experience 4.8 Rating 61 Sessions 81.2% Rebooked Check Coach Profile 🔥 Perfect Match Talk to a Senior Software Engineer at Uber 10 yrs Experience 4.94 Rating 59 Sessions 96.34% Rebooked Check Coach Profile 🔥 Perfect Match Talk to a Senior Product Manager at Uber 10.5 yrs Experience 4.9 Rating 55 Sessions 93.08% Rebooked Check Coach Profile The American company Uber Technologies, Inc. offers mobility as a service. It has operations in around 72 countries and 10,500 cities. It is centred in San Francisco. Uber is a transportation firm with a mobile app that enables customers to request rides and drivers to collect payments for their services. Uber facilitates ridesharing by enrolling drivers as independent contractors. It is one of many services available today that support the sharing economy by offering a way to connect available resources rather than providing the actual resources themselves. Front-End Engineers focus on designing, building, and optimizing a website or application. They also plan, strategize and structure the presentation of the platform. The famous service-oriented organization, Uber hires front-end engineers to build digital/ data solutions and infrastructure. You can apply for the Uber Front End Engineer job on the career page of Uber.com or get a credible internal employee to refer you through Prepfully's Company Referral service available here.  Role and Responsibilities of a Front-End Engineer at Uber  Preferred Skills/Qualifications of a Front-End Engineer at Uber  Uber Front-End Engineer Salary The average yearly compensation for an Uber Frontend Engineer is $159,263, including a basic salary of $123,571 and a bonus of $35,692.                                  The interview process for the Uber front-end engineer role consists of 4 stages: A coding exercise can be found on the phone's screen. As you continue to work, your interviewer will use HackerRank to read your programs. To solve the problems, you can use your preferred programming language. You might also need to explain your code if the interviewer is unfamiliar with the language being used for programming. The average length of each phone interview and in-person interview is 40 minutes. There will be 4-6 face-to-face interviews conducted by Uber on-site all at once. You'll either be asked to use a whiteboard or HackerRank to tackle the challenges during the interview. Each interview generally includes a discussion of prior job experiences for 5–10 minutes in addition to situational and behavioral interview questions. The last five to ten minutes are for you! Inquire about the job role from the interviewer. Ask detailed questions about the position you are looking for, the project or division, and additional details like the company's employee diversity and inclusivity policy. You will answer coding-related questions in this round. It lasts for an average of 45 minutes. Candidates are requested to provide concrete examples of occasions where they applied particular talents during the behavioral interview round. It is time to show how you can help this firm move forward. What topics are covered in the Uber Front-End Engineer Interview Guide? Who is this guide intended for? What makes this guide unique? How can I access the practice questions and coding challenges? Can this guide help me prepare for other front-end engineering interviews? © 2024 Prepfully. All rights reserved. "
Salesforce,Backend Engineer,"['https://www.glassdoor.co.in/Interview/Salesforce-Software-Engineer-Interview-Questions-EI_IE11159.0,10_KO11,28.htm', 'https://www.geeksforgeeks.org/salesforce-interview-experience-set-1-for-sde-1/', 'https://www.linkedin.com/pulse/my-salesforce-interview-experience-nihar-chitnis/ ', 'https://medium.com/@deecodes/salesforce-interview-experience-bc816d38bdc1']","                                                                                                   Copyright © 2008-2024. Glassdoor LLC. ""Glassdoor,"" ""Worklife Pro,"" ""Bowls,"" and logo are proprietary trademarks of Glassdoor LLC.  I have recently attended an interview with Salesforce Hyderabad, for SDE-I position. There are 5 rounds in total, all are technical.  I. Programming Round: 
1. Find the diameter of a binary treeHere the diameter is maximum number of nodes possible in the tree, formed by two leaf nodes. 
It can pass through the root or need not be.  2. Rotate an m by m matrix by 90 degrees.  3. Given an array containing positive and negative numbers, find all the sub arrays in it, whose sum is equal to zero.  Solution: Maintain hashmap and insert the sum till now for every element and its index position –> HashMap 
For each element, check the following 3 cases: 
a) whether the element is “zero” ==> start and end indices both are “current index” 
b) whether the sum is “zero” ==> start index is 0 and end index is “current index” 
c) whether the sum is already present ==> start index is “map.get(sum)+1”, end index is “current index”  II. Technical Round 1:  1. Given a time in hours and minutes, find the angle between hours and minutes pointers in analog clock.  2. Given two arrays of equal size. First Array represents in the arrival timings of trains and second array represents the departure timings of the same trains. 
Now with the above two arrays data, give the number of platforms required to accommodate the trains.  3. Given an array containing integers, in which the elements are repeated multiple times. 
Now sort the array wrt the frequency of numbers.   4. Write code for Deadlock in Multi Threading.  III. Technical Round 2:  Given a url containing the domain name and product it, like:www.amazon.in/pid=1234 
By passing this url to utility functions, you can get all information about it. 
getProductName(url) –> Gives you the product name 
getProductPrice(url) –> Gives you the price of the product 
getRelatedProducts(url) –> Other products related to the current product, in which also user might be interested.  Now given a product url, print the information about it completely, including all its related products. 
What is the data structure that you will consider to represent the above product data and write class structure for the same.  IV. Presentation Round:  A technical topic will be given and you have to speak on it in front of a group of 5-6 people.You will be given 1 hour of time to prepare, a system with internet. 
You can present the topic either on board or with ppt also. 
The aim of this round is to check the candidates learning capability on a new topic, his presentation skills.  The topic given to me is “Apache Flink”  Since I got mixed response for this round, they conducted another technical round.  V. Technical Round 3:  1. Design an LRU(Least Recently Used) Cache. 
What is Cache and define LRU Cache? 
What data structure do you use and what is the time complexity?  Solution: Take one hashmap and linked list 
HashMap contains the key as data and value as its address in the linked list 
Linked list will maintain the elements in their usage order, with the last used item at the start of the list.  This way the least recently used is at the end of the list always.  2. Explain about HashMap internal implementation and write code for the same.      All Practice Problems for Salesforce !      Looking to become a Salesforce expert or elevate your career as a certified administrator? Our Salesforce Certified Administrator Course is tailored to equip you with all the essential knowledge and skills to efficiently manage and optimize Salesforce. From understanding core functionalities to automating business processes, this course covers everything you need to succeed. With hands-on practice and industry-relevant examples, you’ll be ready to tackle real-world challenges. Whether you're a beginner or a professional, it's your gateway to mastering Salesforce. Enroll now and step up your game in the CRM world!                                  Create your free account or sign in to continue your search      or New to LinkedIn? Join now By clicking Continue to join or sign in, you agree to LinkedIn’s User Agreement, Privacy Policy, and Cookie Policy. Error: Message: stale element reference: stale element not found in the current frame
  (Session info: chrome=131.0.6778.69); For documentation on this error, please visit: https://www.selenium.dev/documentation/webdriver/troubleshooting/errors#stale-element-reference-exception
Stacktrace:
#0 0x5a87b7faf4ca <unknown>
#1 0x5a87b7ac2620 <unknown>
#2 0x5a87b7ac83e3 <unknown>
#3 0x5a87b7aca8a8 <unknown>
#4 0x5a87b7aca933 <unknown>
#5 0x5a87b7b0bac2 <unknown>
#6 0x5a87b7b35372 <unknown>
#7 0x5a87b7b05938 <unknown>
#8 0x5a87b7b3553e <unknown>
#9 0x5a87b7b53de0 <unknown>
#10 0x5a87b7b35113 <unknown>
#11 0x5a87b7b03be0 <unknown>
#12 0x5a87b7b04bbe <unknown>
#13 0x5a87b7f7be4b <unknown>
#14 0x5a87b7f7fde2 <unknown>
#15 0x5a87b7f68d2c <unknown>
#16 0x5a87b7f80957 <unknown>
#17 0x5a87b7f4e4bf <unknown>
#18 0x5a87b7f9e348 <unknown>
#19 0x5a87b7f9e510 <unknown>
#20 0x5a87b7fae346 <unknown>
#21 0x7d11d9dcdac3 <unknown>
"
LinkedIn,Machine Learning Engineer,"['https://medium.com/@rohithmn01/sre-interview-experience-with-nvidia-3e29e6531afe', 'https://www.linkedin.com/posts/praveen-singampalli_my-nvidiainterview-experience-for-site-activity-7239478006681886720-IBPc/', 'https://www.glassdoor.co.in/Interview/NVIDIA-Interview-Questions-E7633.htm?countryRedirect=true']","Error: Message: stale element reference: stale element not found in the current frame
  (Session info: chrome=131.0.6778.69); For documentation on this error, please visit: https://www.selenium.dev/documentation/webdriver/troubleshooting/errors#stale-element-reference-exception
Stacktrace:
#0 0x5a87b7faf4ca <unknown>
#1 0x5a87b7ac2620 <unknown>
#2 0x5a87b7ac83e3 <unknown>
#3 0x5a87b7aca8a8 <unknown>
#4 0x5a87b7aca933 <unknown>
#5 0x5a87b7b0bac2 <unknown>
#6 0x5a87b7b35372 <unknown>
#7 0x5a87b7b05938 <unknown>
#8 0x5a87b7b3553e <unknown>
#9 0x5a87b7b53de0 <unknown>
#10 0x5a87b7b35113 <unknown>
#11 0x5a87b7b03be0 <unknown>
#12 0x5a87b7b04bbe <unknown>
#13 0x5a87b7f7be4b <unknown>
#14 0x5a87b7f7fde2 <unknown>
#15 0x5a87b7f68d2c <unknown>
#16 0x5a87b7f80957 <unknown>
#17 0x5a87b7f4e4bf <unknown>
#18 0x5a87b7f9e348 <unknown>
#19 0x5a87b7f9e510 <unknown>
#20 0x5a87b7fae346 <unknown>
#21 0x7d11d9dcdac3 <unknown>
                                                        Create your free account or sign in to continue your search      or New to LinkedIn? Join now By clicking Continue to join or sign in, you agree to LinkedIn’s User Agreement, Privacy Policy, and Cookie Policy.                                                                                                   Copyright © 2008-2024. Glassdoor LLC. ""Glassdoor,"" ""Worklife Pro,"" ""Bowls,"" and logo are proprietary trademarks of Glassdoor LLC. "
Tesla,Security Engineer,"['https://www.glassdoor.co.in/Interview/LinkedIn-Machine-Learning-Engineer-Interview-Questions-EI_IE34865.0,8_KO9,34.htm', 'https://www.linkedin.com/pulse/interview-experience-ai-engineer-balusu-bhanu-prakash-ph7uc/', 'https://www.interviewquery.com/interview-guides/linkedin-machine-learning-engineer', 'https://www.geeksforgeeks.org/linkedin-interview-experience-for-ai-intern/']","                                                                                            Copyright © 2008-2024. Glassdoor LLC. ""Glassdoor,"" ""Worklife Pro,"" ""Bowls,"" and logo are proprietary trademarks of Glassdoor LLC.                                         Create your free account or sign in to continue your search      or New to LinkedIn? Join now By clicking Continue to join or sign in, you agree to LinkedIn’s User Agreement, Privacy Policy, and Cookie Policy. Back to Linkedin LinkedIn is the world’s largest professional network, focused on helping professionals achieve more in their careers. Our mission is to create economic opportunity for every member of the global workforce and foster an environment where everyone feels a true sense of belonging. As a Machine Learning Engineer at LinkedIn, you will work on groundbreaking AI technologies that redefine user interactions across LinkedIn’s diverse platforms. Expect technical interviews that cover coding, machine learning algorithms, and design problems. The process will challenge your understanding of the latest ML techniques, reinforcing your expertise in this rapidly evolving field. Prepare to join a team that values skill and collaboration and dive into a role pushing the boundaries of AI innovation. Explore our Interview Query guide for detailed insights and tips on acing your interview, especially highlighting the LinkedIn machine learning engineer interview questions and how to tackle them. The interview process usually depends on the role and seniority; however, you can expect the following on a LinkedIn machine learning engineer interview: If your CV is among the shortlisted few, a recruiter from the LinkedIn Talent Acquisition Team will contact you and verify key details like your experiences and skill level. Behavioral questions may also be part of the screening process. The LinkedIn hiring manager sometimes stays present during the screening round to answer your queries about the role and the company itself. They may also indulge in surface-level technical and behavioral discussions. The whole recruiter call should take about 30 minutes. Successfully navigating the recruiter round will invite you to the technical screening round. Technical screening for the LinkedIn Machine Learning Engineer role is usually conducted through virtual means, including video conference and screen sharing. Questions in this one-hour interview stage may revolve around coding questions, algorithms, data structures, and machine learning concepts. Followed by a second recruiter call outlining the next stage, you’ll be invited to attend the onsite interview loop. Multiple interview rounds will be conducted during your day at the LinkedIn office, varying with the role. These rounds may include:                                           Get our subscriber-only content. Dive Deeper, learn smarter, and make your interview prep count.  Hi, Today I just gave my interview for an AI internship at LinkedIn. So, I thought why not share it with others. Before, I tell you about how my interview went let me tell you how I reached here. I used to maintain my LinkedIn profile and keep it up to date. One day, I was sitting in the café enjoying my coffee, I received a mail along with a Message on my LinkedIn profile from HR of LinkedIn stating she found my profile suitable for the AI intern, along with that, a Microsoft form was provided by her to fill it within the deadline (if interested). I kind of got amazed by the fact that HR of LinkedIn approached me. I thought maybe it was a fraud, so I checked her name on LinkedIn and found that it is not a fraud. So, I filled out the provided form and within a week or so, I received a mail for sending the CV for ‘CV shortlisting’, I sent the CV and was in no hope to get my CV shortlisted. Then, I got busy in my mid sem and after that, I went to trip, when I came back I received a mail that “Your Interview is confirmed” I got shocked!!!!!!!!  I prepared for that and the next day gave my interview which was on Zoom. The interviewer was very nice and polite. Firstly, he asked me to introduce myself (of course a mandatory thing), then he asked me about my college and then he went on to ask about my Machine Learning part. He asked me about my projects (dataset, the algorithm used, etc.) After this, he took my coding interview in which I need to code on ‘coderpad’, in the chat he provided the link, while, I was coding he was asking what I am thinking to code. After the coding interview, he asked more about Machine Learning stuff. In the end, he asked me in which semester I am, he was shocked to know that I am in the first semester. In the end, he suggested to me a few kinds of stuff and was kind of happy. Questions related to AI/ML field:  That’s all folks! All the best! Are you feeling lost in OS, DBMS, CN, SQL, and DSA chaos? Our Complete Interview Preparation Course is your solution! Trusted by over 100,000+ Geeks, it covers all essential topics, ensuring you're well-prepared for technical challenges. Join the ranks of successful candidates and unlock your placement potential. Enroll now and start your journey to a successful career! S "
Intel,Cloud Engineer,"['https://www.glassdoor.co.in/Interview/Tesla-Security-Analyst-Interview-Questions-EI_IE43129.0,5_KO6,22.htm?countryRedirect=true', 'https://www.interviewquery.com/interview-guides/tesla-software-engineer', 'https://leetcode.com/discuss/interview-question/1398095/tesla-software-engineer-interview-experience']","                                 Copyright © 2008-2024. Glassdoor LLC. ""Glassdoor,"" ""Worklife Pro,"" ""Bowls,"" and logo are proprietary trademarks of Glassdoor LLC.  Back to Tesla Being one of the leading technology companies globally, securing a position as a Software Engineer or any other positions at Tesla is highly competitive. The interview process is rigorous and is designed in a way to make sure that they recruit top talents at the end. Therefore, presenting your best version effectively during the interview is crucial. To increase your chances of getting hired for your dream job at Tesla, you need meticulous and thorough interview preparation. If you are currently gearing up for your Tesla Software Engineer interview questions that align with typical scenarios at the company, you’ve come to the right place. In this article, you’ll discover a compilation of frequently asked interview questions for a Software Engineer role at Tesla, accompanied by example answers to help your interview preparation process. Additionally, we will share several tips at the end of the article to distinguish yourself from other candidates throughout the selection process. So, let’s dive into it! The typical interview process at Tesla for a Software Engineer position consists of four rounds, each will be conducted with different departments and setups. These four rounds are application screening, online assessment, phone interview, and onsite technical interview. Let’s get into the details of each of these rounds. The interview process at Tesla begins with application screening. In this stage, the recruiters will see whether or not your skills and experiences match their requirements. To increase your chance to get past this stage, make sure that you read the job description carefully and then cater your cover letter and resume according to their requirements. Make sure that you mention any relevant experiences that match the job descriptions. Once you get past the application screening process, they will invite you to complete an online assessment. In this stage, you will normally need to complete a series of coding questions that you need to complete within a specific time frame. The questions for this online assessment typically cover the fundamentals of programming, such as data structures and algorithms. Therefore, you need to make sure that you’re comfortable with related topics, such as arrays, linked lists, trees, graphs, stacks, and queues. We will see several examples of the questions typically found in online assessment in the next section of this article. After making it past the online assessment round, you’ll then proceed to a phone interview session with one of the recruiters. In this round, they will review your online assessment and  ask follow up questions on it. Also, they will go through your resume and ask about specific points in your resume to better understand your qualifications. Additionally, relevant and detailed information about the job will also be discussed in order to familiarize you with your potential responsibilities in the future. There might also be a second phone interview round with the hiring managers, in which you need to explain your motivations for wanting to work at Tesla. They will also ask you a few behavioral questions to assess your communication and interpersonal skills of working together in a team; and how you handled certain situations in the past.                                                                                                                                                                 Get our subscriber-only content. Dive Deeper, learn smarter, and make your interview prep count.  Last Edit: August 11, 2021 8:06 PM Round 1
Online Technical Assesment. ( Nailed It )
1> https://molchevskyi.medium.com/microsoft-interview-tasks-min-moves-to-make-string-without-3-identical-consecutive-letters-abe61ed51a10
2> https://leetcode.com/problems/minimum-deletion-cost-to-avoid-repeating-letters/
3> Given list of test cases. We need to go throw all test cases and if all the test cases succeeded return true else return false.
Round 2
Phone Technical Interview ( Nailed It )
1> https://leetcode.com/problems/minimum-path-sum/
Later part of interview talked about my experience.
Main Interview - Round 3
Interview 1 ( Missed some edge cases )
Talked about my experience and some technical questions on my experience.
1> String Manipulation question.
Interview 2 ( Nailed It )
Talked about my experience and my vision towords my next project.
Behavioral questions.
Interview 3 ( Missed few question )
Database Interview
Interview 4 ( Nailed It )
System Design - Table Tennis Game
Round 4 ( Went Ok )
Behavioral questions and vision towords my next project.
The whole process took one month. Recruiter returned with an offer in 24 hrs. Negotiated and Accepted the offer. Round 1
Online Technical Assesment. ( Nailed It )
1> https://molchevskyi.medium.com/microsoft-interview-tasks-min-moves-to-make-string-without-3-identical-consecutive-letters-abe61ed51a10
2> https://leetcode.com/problems/minimum-deletion-cost-to-avoid-repeating-letters/
3> Given list of test cases. We need to go throw all test cases and if all the test cases succeeded return true else return false.  Round 2
Phone Technical Interview ( Nailed It )
1> https://leetcode.com/problems/minimum-path-sum/
Later part of interview talked about my experience.  Main Interview - Round 3
Interview 1 ( Missed some edge cases )
Talked about my experience and some technical questions on my experience.
1> String Manipulation question.
Interview 2 ( Nailed It )
Talked about my experience and my vision towords my next project.
Behavioral questions.
Interview 3 ( Missed few question )
Database Interview
Interview 4 ( Nailed It )
System Design - Table Tennis Game  Round 4 ( Went Ok )
Behavioral questions and vision towords my next project.  The whole process took one month. Recruiter returned with an offer in 24 hrs. Negotiated and Accepted the offer. For which location and position ?? Congrats! Is that round3 interview the one with 4-5 ppl over 4 hours straight through? Any advice on the Database interview? What types of questions to expect? Could you please provide more information on the Main Interview - Round 3. I have this round scheduled. was the system design interview low level design?"
NVIDIA,Site Reliability Engineer,"['https://www.glassdoor.co.in/Interview/Intel-Corporation-Cloud-Software-Engineer-Interview-Questions-EI_IE1519.0,17_KO18,41.htm', 'https://www.ambitionbox.com/interviews/intel-interview-questions/experienced-candidates', 'https://www.geeksforgeeks.org/intel-interview-experience/', 'https://www.interviewkickstart.com/blogs/interview-questions/intel-interview-questions']","                                                            Copyright © 2008-2024. Glassdoor LLC. ""Glassdoor,"" ""Worklife Pro,"" ""Bowls,"" and logo are proprietary trademarks of Glassdoor LLC.  Error: Message: stale element reference: stale element not found in the current frame
  (Session info: chrome=131.0.6778.69); For documentation on this error, please visit: https://www.selenium.dev/documentation/webdriver/troubleshooting/errors#stale-element-reference-exception
Stacktrace:
#0 0x5a87b7faf4ca <unknown>
#1 0x5a87b7ac2620 <unknown>
#2 0x5a87b7ac83e3 <unknown>
#3 0x5a87b7aca8a8 <unknown>
#4 0x5a87b7aca933 <unknown>
#5 0x5a87b7b0bac2 <unknown>
#6 0x5a87b7b35372 <unknown>
#7 0x5a87b7b05938 <unknown>
#8 0x5a87b7b3553e <unknown>
#9 0x5a87b7b53de0 <unknown>
#10 0x5a87b7b35113 <unknown>
#11 0x5a87b7b03be0 <unknown>
#12 0x5a87b7b04bbe <unknown>
#13 0x5a87b7f7be4b <unknown>
#14 0x5a87b7f7fde2 <unknown>
#15 0x5a87b7f68d2c <unknown>
#16 0x5a87b7f80957 <unknown>
#17 0x5a87b7f4e4bf <unknown>
#18 0x5a87b7f9e348 <unknown>
#19 0x5a87b7f9e510 <unknown>
#20 0x5a87b7fae346 <unknown>
#21 0x7d11d9dcdac3 <unknown>
 Students were shortlisted based on their resumes. [ Mainly on the basis of OS Projects ] Technical Round 1
1. Write the most efficient algorithm to find square/square root of a number. 2. Write the most efficient algorithm to find if a number is prime or not. 3. At Bit level, how will you find if a number is a power of 2 or not. 4. What is call by value, call by reference in C language. 5. Projects done in MTech Technical Round 2 1. Swap two numbers using XOR 2. What are various storage classifiers and quantifiers in C. 3. What is a semaphore? Explain in detail. 4.What is an interrupt. How does a processor handle an interrupt? 5. What is the exact role of Memory Management Unit? 6. Explain your MTech projects. Behavioral Round 1. You are Intel’s representative for India and you are about to board a flight to US for a very very important billion dollar deal. But at the airport you are asked for a bribe of Rs500/- . Will you give the bribe or not? Ans: NO!!! etc…. Are you feeling lost in OS, DBMS, CN, SQL, and DSA chaos? Our Complete Interview Preparation Course is your solution! Trusted by over 100,000+ Geeks, it covers all essential topics, ensuring you're well-prepared for technical challenges. Join the ranks of successful candidates and unlock your placement potential. Enroll now and start your journey to a successful career!  Last updated by Swaminathan Iyer on Aug 30, 2024 at 06:49 PM | Reading time: 11 minutes Is your Intel interview just around the corner? If yes, this article on Intel interview questions will help you get a fair idea of what to expect at the interview. We’ll look at Intel interview questions on coding, systems design, and behavioral attributes. Intel is a multinational technology company primarily dealing with semiconductor design and manufacturing. It is the biggest semiconductor manufacturer globally, and also manufactures Graphic Processing Units, Microcontrollers, Modems, Network Interface Controllers, and more. Intel is among the top 50 highest revenue-generating companies and consistently ranks high in the best places to work. Intel offers a culturally diverse work environment that strongly encourages initiative, ownership, and leadership. The company also pays lucrative salaries to its employees, with the average salary of Intel software engineers being $119,677. If you’re a software engineer, coding engineer, software developer, engineering manager, or tech lead preparing for tech interviews, check out our technical interview checklist, interview questions page, and salary negotiation e-book to get interview-ready! Having trained over 17,000 software engineers, we know what it takes to crack the toughest tech interviews. Since 2014, Interview Kickstart alums have been landing lucrative offers from FAANG and Tier-1 tech companies, with an average salary hike of 49%. The highest-ever offer received by an IK alum is a whopping $933,000! At IK, you get the unique opportunity to learn from expert instructors who are hiring managers and tech leads at Google, Facebook, Apple, and other top Silicon Valley tech companies.  Our reviews will tell you how we’ve shaped the careers of thousands of professionals aspiring to take their careers to new heights. Want to nail your next tech interview? Sign up for our FREE Webinar. In this article, we’ll look at some Intel interview questions covering Intel coding interview questions, Intel systems design interview questions, and behavioral interview questions. Here’s a quick look at what we’ll discuss:  The interview process at Intel typically tests your problem-solving and analytical programming skills. The main aspects of the interview include: Let’s look at the interview process in detail. The Recruiter Screen is the first round where a recruiter from Intel’s human resources department will give you details about the open position and find out your interest. Intel interview questions in this round are mostly around your experience, previous organizations you’ve worked with, your skill level, and general expectations from the role. The recruiter will also obtain details about your current and expected compensations. If your skill set and level of experience are in tune with the demands of the role, you’ll be invited to the Technical Phone Screen interview. This round essentially evaluates your programming and problem-solving skills. Your abilities as a coder are closely assessed through a coding problem. The problem will involve applying concepts in core data structures. You’ll be asked to code up an algorithm and arrive at the most optimal solution to the problem. You're usually asked to solve one or two coding problems (easy-medium difficulty) in the Technical Phone Screen round. The hiring manager might also tweak the problem statement to understand your thought process and ability to account for multiple variables while solving the problem. If your performance on the Technical Phone Screen is satisfactory, you’ll be called for the Intel On-site interview. The on-site fundamentally tests your coding and systems design skills. There’s also a behavioral and soft skill round where you’re asked a bunch of questions on your strengths, professional experiences in the past, workplace conduct, and ethics. The on-site Intel interview will usually have these rounds: This section on Intel interview questions will cover sample questions that you can expect at the Intel interview. It will cover Intel coding interview questions, Intel systems design questions, and behavioral interview questions. Intel interview questions on coding are predominantly around core data structures and graph algorithms. Below are the important coding concepts around which Intel interview questions are asked: Get access to several more coding problems along with optimal solutions at our Problems Page. Our Learn Page will help you brush up on important coding and design concepts for the interview. Your knowledge of concepts in scalable systems design is tested in this round. Below are the important topics for the Systems design interview at Intel: Behavioral interview questions fundamentally test your ability to react optimally to challenging workplace situations and your general attitude towards professional and personal situations. Below are some sample behavioral interview questions asked at the Intel interview: Let’s look at some noteworthy tips to ace the technical interview at Intel: Systems design is an integral component of the interview process. There can be 2 systems design rounds On-site, with questions mostly around scalable systems and applications, network protocols, databases, caching and Sharding, and systems design case studies. Systems design interviews at Square are more important for senior developer and managerial (Engineering Management) positions. Behavioral interview questions asked at Intel’s technical interview are mostly around past experiences with challenging projects, relationships with coworkers and superiors, work-life balance, productivity, and general workplace-related situations. You can also be asked questions about your strengths and weaknesses and how you’d manage stress and pressure in the face of demanding work projects.   You can expect 1-2 Intel interview questions on coding during the Technical Phone Screen round and 1-2 questions during the On-site coding round. Interview Kickstart’s mock interview course is just the perfect resource to help you prepare for mock interviews to tackle technical interviews at the biggest companies. Questions on distributed systems design are asked during the On-site design round. You can expect one problem-type question and a few concept and theory-based Intel interview questions on systems design. If you want to kickstart your technical interview prep, register for Interview Kickstart’s free webinar to get guidance and direction on the best strategies to nail technical interviews at the biggest tech companies. IK is the gold standard in tech interview prep. Our programs include a comprehensive curriculum, unmatched teaching methods, FAANG+ instructors, and career coaching to help you take your prep to the next level. We’ve trained thousands of engineers and helped them crack tough technical interviews with average pay jumps of 49%. These reviews from our alums will give you the full story. If you want to land your dream job, sign-up now!                                         Attend our free webinar to amp up your career and get the salary you deserve."
IBM,Network Engineer,"['https://www.glassdoor.co.in/Interview/IBM-Network-Engineer-Interview-Questions-EI_IE354.0,3_KO4,20.htm', 'https://www.glassdoor.co.in/Interview/IBM-Network-Engineer-Interview-Questions-EI_IE354.0,3_KO4,20.htm', 'https://www.ambitionbox.com/interviews/ibm-interview-questions/network-engineer']","                                                                                            Copyright © 2008-2024. Glassdoor LLC. ""Glassdoor,"" ""Worklife Pro,"" ""Bowls,"" and logo are proprietary trademarks of Glassdoor LLC.                                                                                              Copyright © 2008-2024. Glassdoor LLC. ""Glassdoor,"" ""Worklife Pro,"" ""Bowls,"" and logo are proprietary trademarks of Glassdoor LLC.  Error: Message: stale element reference: stale element not found in the current frame
  (Session info: chrome=131.0.6778.69); For documentation on this error, please visit: https://www.selenium.dev/documentation/webdriver/troubleshooting/errors#stale-element-reference-exception
Stacktrace:
#0 0x5a87b7faf4ca <unknown>
#1 0x5a87b7ac2620 <unknown>
#2 0x5a87b7ac83e3 <unknown>
#3 0x5a87b7aca8a8 <unknown>
#4 0x5a87b7aca933 <unknown>
#5 0x5a87b7b0bac2 <unknown>
#6 0x5a87b7b35372 <unknown>
#7 0x5a87b7b05938 <unknown>
#8 0x5a87b7b3553e <unknown>
#9 0x5a87b7b53de0 <unknown>
#10 0x5a87b7b35113 <unknown>
#11 0x5a87b7b03be0 <unknown>
#12 0x5a87b7b04bbe <unknown>
#13 0x5a87b7f7be4b <unknown>
#14 0x5a87b7f7fde2 <unknown>
#15 0x5a87b7f68d2c <unknown>
#16 0x5a87b7f80957 <unknown>
#17 0x5a87b7f4e4bf <unknown>
#18 0x5a87b7f9e348 <unknown>
#19 0x5a87b7f9e510 <unknown>
#20 0x5a87b7fae346 <unknown>
#21 0x7d11d9dcdac3 <unknown>
"
Twitter,Database Administrator,"['https://dev.to/asquare14/my-twitter-interview-experience-10dp', 'https://www.geeksforgeeks.org/twitter-interview-set-1/', 'https://tech-wisdom.medium.com/twitter-the-best-interview-experience-f422233f4717', 'https://www.linkedin.com/posts/nick-singh-tech_twitter-sql-interview-question-given-a-table-activity-7191877949438976003-YZmM/']","Posted on May 31, 2021 My Twitter Interview Experience Hello World, I'm Atibhi Agrawal, I'll be graduating with an Integrated Master's in Engineering from IIIT-Bangalore in July 2021. After that, I will be joining Twitter India as a software engineer. I will be based in Bangalore. In this blog post, I am going to tell you about the application process, interview process and the resources that I used for preparation. The process from the date of submitting my application to signing the offer took around 4 months. But, the time taken between the first interview and the offer confirmation was only 20 days.  A friend sent me the job ID of the New Grad role and I applied on the Twitter careers page. I tried getting a referral, but an employee told me that India's new grad software engineer role wasn't accepting referrals. I am also very active on Twitter and follow TwitterU. It is the official account of Twitter that handles everything university-related. I saw a tweet by them about a session for students. I attended the session and got to know more about student-centric opportunities at Twitter. Twitter employees also shared their own experiences, interviewing tips etc. It was a really fun and motivating session. Highly recommend students to attend this every year! I got a mail from my recruiter Pascalle informing me that I had been shortlisted for the phone screen. She also sent some preparation materials for the interviews. The material was very helpful and I tried covering as many topics as I could. It also listed out the common evaluation areas for a candidate. They are problem-solving, iteration, ownership, craftsmanship, collaboration, communication, learning and adaptability. Due to signing an NDA with Twitter about the questions asked in the interviews, I will not be able to share the exact questions, however, I will try my best to give you a rough idea about them. Duration: 45 minutes Type: Data Structures and Algorithms Mode: Coding on Hackerrank Code Pair and Video Call via Google Meet. Interview Experience : The round started with introductions. The first question was on hashmaps. It could be categorized as a Leetcode Medium. Next, he asked me another question based on graphs. This could be categorized as a Leetcode Hard. I also got the opportunity to ask questions at the end. Duration: 45 minutes each, 3 Rounds in a single day. Type: Data Structures and Algorithms, Computer Science Fundamentals, Behavioral Mode: Coding on Hackerrank Code Pair and Video Call via Google Meet. Interview Experience: Soon after my phone screen, my on-sites were scheduled. There are a few things that are unique about the Twitter onsite: There were 3 rounds of interviews on a single day. In every round, I also got the opportunity to ask questions at the end. Duration: 30 minutes each, 2 Rounds in a single day. Type: Behavioral Mode: Video Call via Google Meet. Interview Experience : Casual round with two people from the San Francisco office. General Chit Chat. :) I feel that Twitter has a unique and well-thought-out interview process. Everyone I interacted with was kind and respectful. This also goes on to show the culture of the company. The resources that I have mentioned are not Twitter specific and can be used for any interviews. I had been consistent with Leetcode for the past year. Note that I did not cover all of the theory material in two weeks(from the date of the interview call to the onsite). I had been preparing since September 2020. So it took me approximately three and half months to cover everything. Mainly Leetcode.com and Pramp.com I have written about my preparation strategy in detail in this blog. Gate Smashers Playlist on YouTube Operating Systems: Virtualization, Concurrency & Persistence on educative.io This is hands-down one of the best courses that I have found for OS. Studytonight.com for quick revision. Gate Smashers Playlist on YouTube Database Design Fundamentals for Software Engineers on educative.io Studytonight.com for quick revision. SQL Tutorial --- Full Database Course for Beginners by Freecodecamp Leetcode Curated 70 SQL Questions Hackerrank SQL Questions (Couldn't complete this due to lack of time) Studytonight.com Studytonight.com The C++ STL on geeksforgeeks Episode 07: Intro to Behavioural Interviews by Jackson Gabbard Mock Interviews on Pramp.com I am very excited to start my journey into the tech world working as a Software Engineer for my favourite social media platform. I would like to thank my recruiter Pascalle, my future manager and my teammates for such a smooth interview process. Can't wait to #JoinTheFlock 💙 I would also like to thank my family and friends for being so supportive during the pandemic and job-hunt process. ❤️ Feel free to leave a comment, dm me on Twitter or mail me at atibhi.a@gmail.com if you have any questions about working at Twitter.  Deploy a full-stack Javascript application with the Developer Sandbox for Red Hat OpenShift. Get started  Congratulations, excited to have you join us! Thank you so much ! Thank you for this wonderful post.
Congratulations and I wish you all the best ! Congrats and best of luck - it was fun reading this very informative ! Thanks      Find easy-to-learn shortcuts and code examples to help you find your way around the Linux command line. Download today Peter Kim Frank - Oct 22 Soloudo Uzoukwu - Oct 17 Abdikhafar - Oct 10 Hana Sato - Oct 10  Join the first-ever developer event focused on agreements, Docusign Discover, to unlock the full power of the Docusign platform. Build custom solutions, ignite innovation, and dive into expert sessions and advanced tooling. Register now Explore a sea of insights with this enlightening post, highly esteemed within the nurturing DEV Community. Coders of all stripes are invited to participate and contribute to our shared knowledge. Expressing gratitude with a simple ""thank you"" can make a big impact. Leave your thanks in the comments! On DEV, exchanging ideas smooths our way and strengthens our community bonds. Found this useful? A quick note of thanks to the author can mean a lot. Thank you to our Diamond Sponsor Neon for supporting our community. DEV Community — A constructive and inclusive social network for software developers. With you every step of your journey. Built on Forem — the open source software that powers DEV and other inclusive communities. Made with love and Ruby on Rails. DEV Community © 2016 - 2024.  Phone screen – I  1. Fibonacci series without using an array – this is a typical favorite question w.r.t. Dynamic Programming where you will ask not to use Memoization or any extra storage to store the values of the previous iterations. 
(More complicated version of the same problem: Generate Nth row of pascal’s triangle w/o using a 2D array of dimensions N x N)  2. N-ary tree: find if a node exists in the tree with value = x. If yes, return true, else, return false.  Phone screen – II 
1. Find the lowest common ancestor of Binary Tree 
Answer: Done it 10 times Explained how to do it!  2. Clone a graph and analyze the time and space complexity (since DFS based approaches leverage smaller time at the cost of higher memory) 
  Phone Screen III  Design a bloom filter to remove the duplicates from an unsorted array!  On-site  1. (Boggle–like a question) In a 2D array (M x N, in the given ex. 3×3) of numbers, find the strictly increasing path from the specified origin cell (1,0) to the specified destination cell (0, 2). The array may contain duplicates, and the solution should work with the dups.  2.a. Design a unique hash function for every tweet on Twitter which will be used as part of a service. 
2.b. Find if a directed graph has cycles or not. Write a function with boolean return type for the same.  3. Casual Lunch interview.  4. Pattern matching using patterns containing chars (a to z) and ‘*’, ‘?’ and ‘.’  5.a. Describe how would you do external sort -> come to a map-reduce kind of solution. Each machine has 10M numbers (total 100M), 10 total machines. Each m/c has 20MB RAM and 50GB memory. 
5.b. N-Queens problem: find and print all possible non-conflicting positions for the Queen.  6.a. Given an input binary tree and reference to a Node in the tree, find the next in-order successor for the input node. Output null if none. 
6.b. What is the best way to sort a k-sorted array? Optimize for time complexity. 
(My hint: use a priority queue of size k)  7.a. Hiring manager: Design service for a. Durability b. Consistency 
7.b. Explain C++’s problem with multiple inheritances.    Are you feeling lost in OS, DBMS, CN, SQL, and DSA chaos? Our Complete Interview Preparation Course is your solution! Trusted by over 100,000+ Geeks, it covers all essential topics, ensuring you're well-prepared for technical challenges. Join the ranks of successful candidates and unlock your placement potential. Enroll now and start your journey to a successful career!  Sign up Sign in   Member-only story Tech Wisdom Follow 13 1   Disclaimer: I went through this interview a few months ago, before Twitter’s takeover by Elon Musk followed by the recent layoffs! I have interviewed with many companies in the past but thus far Twitter has had the best candidate experience for me. I appeared for an interview with twitter this summer for a remote role in the US. Here I am sharing the details of my interview and why I think twitter does a very good job when it comes to interviewing. Role : Engineering Manager Applied Through: Recruiter Reach out on LinkedIn Location: US(Remote-100%) Total interviews: 6(1 screening interview+ 5 onsite interviews) Duration: Around 3 weeks Result: Offered Overall Experience: 5/5 Lets dive into the details now. I applied for a role a while back through the twitter career site. However, I got a response soon after the position was closed. After a couple of months a recruiter from twitter reached out over email and LinkedIn for another role. I felt good that for once the line “We would let you know of future opportunities” was followed through… The author made this story available to Medium members only.
If you’re new to Medium, create a new account to read this story on us.
Sign up with Google
Sign up with Facebook
Sign up with email
Already have an account? Sign in The author made this story available to Medium members only.
If you’re new to Medium, create a new account to read this story on us.  13  1 About Life, Tech & Life in Tech... https://twitter.com/TechWisdomMe Tech Wisdom in Level Up Coding Tech Wisdom in Level Up Coding Tech Wisdom Tech Wisdom Charan Keith Chan Alexander Nguyen in Level Up Coding SHIVAM JINDAL in Write A Catalyst Surabhi Gupta in Code Like A Girl Love Sharma in ByteByteGo System Design Alliance                                                Create your free account or sign in to continue your search      or New to LinkedIn? Join now By clicking Continue to join or sign in, you agree to LinkedIn’s User Agreement, Privacy Policy, and Cookie Policy."
Spotify,Business Intelligence Developer,"['https://www.glassdoor.co.in/Interview/Spotify-Business-Analyst-Interview-Questions-EI_IE408251.0,7_KO8,24.htm?countryRedirect=true', 'https://www.interviewquery.com/interview-guides/spotify-business-intelligence', 'https://www.geeksforgeeks.org/spotify-interview-experience-for-backend-engineer-ii/']","                                                    Copyright © 2008-2024. Glassdoor LLC. ""Glassdoor,"" ""Worklife Pro,"" ""Bowls,"" and logo are proprietary trademarks of Glassdoor LLC.  Back to Spotify Getting ready for an Business Intelligence interview at Spotify? The Spotify Business Intelligence interview span across 10 to 12 different question topics. In preparing for the interview: Interview Query regularly analyzes interview experience data, and we've used that data to produce this guide, with sample interview questions and an overview of the Spotify Business Intelligence interview. Typically, interviews at Spotify vary by role and team, but commonly Business Intelligence interviews follow a fairly standardized process across these question topics. We've gathered this data from parsing thousands of interview experiences sourced from members. Practice for the Spotify Business Intelligence interview with these recently asked interview questions. How would you estimate d? Third Unique Song Get our subscriber-only content. Dive Deeper, learn smarter, and make your interview prep count.  Current Status: Senior Software Engineer with 7+ YOE
Position: Backend Engineer II at Spotify
Location: Stockholm
Date: Oct 2019 Rounds: 1. Initial phone call from the recruiter. (30 mins)
2. Video call (Google meet) with two engineers. (1 hr)
3. Cubiks Online Test to gauge my cognitive ability. (30 mins)
4. On-site interview (4 rounds + lunch) at the Stockholm office. (5 hrs)
5. Email and call from the HR with the offer. Initial phone call:
It was basically to check whether I was a right fit for the position, salary expectations, etc. Normally, they also ask, “why did you apply for this position?” but in this case, as they reached out to me, I wasn’t asked this question. Finally, if he is satisfied with your answers then he would schedule the first technical interview. Phone Interview:
* Remove duplicates in an array (warmup question)
* Modified version of https://leetcode.com/problems/string-compression/
* Java Basics, Networking Basics, What happens when you type a url in the browser, etc. Cubiksonline:
Non-technical multiple choice questions. Time bound. Onsite:
* Figure out the root cause of an issue that actually happened in production. Interviewers would give you clues and you have to use them to find the culprit. You are then expected to give a slapdash solution and a permanent solution.
* Behavioral interview with 2 managers. The questions were mainly based on past experiences, for example, tell me a time when you did something extra for your team, tell me a time you introduced a new practice in the team which proved to be beneficial, etc.
* Coding round where I was given a project (in a language of my choice) that was setup on their laptop and I had to code in an IDE (IntelliJ in my case). It was based on Heapsort.
* Design round where I was asked to design a CDN. You need to know some basic networking concepts in order to come up with a good design. I know for a software engineer position, it maybe slightly weird being asked to design a CDN but it wasn’t a surprise for me as I read the same on Glassdoor prior to the interview and prepared accordingly.   If you want to read an expounded version of this interview then you can read my blog: https://blog.rampatra.com/spotify-interview-backend-engineer-ii.   Resources used to prepare:
* Leetcode
* William Fiset’s youtube channel: https://www.youtube.com/channel/UCD8yeTczadqdARzQUp29PJw
* MIT Lecture Videos: https://ocw.mit.edu/courses/electrical-engineering-and-computer-science/6-006-introduction-to-algorithms-fall-2011/lecture-videos/
* Java Basics: http://www.developersbook.com/corejava/interview-questions/corejava-interview-questions-faqs.php
* Educative.io: (Grokking the system design interview)
* System Design Basics: https://github.com/donnemartin/system-design-primer
* Awesome Scalability: https://github.com/binhnguyennus/awesome-scalability
* Networking Basics: https://hpbn.co/ My personal opinion:
I know that many of us here are targeting the big tech companies like Google, Facebook, etc. However, I am also aware how hard and tiring it is to prepare for the same, especially with a full-time job. And, it may take us some time to land in such a company. Ergo, working in a company like Spotify until you’re done preparing is a good deal, at least in Europe. Their pay is decent, perks are great (just like the big giants), brand is not bad at all (would look good on your resume), and last but not least, their interview isn’t as hard as the big giants. Having said all this, I couldn’t accept the offer from Spotify and I am sad that I couldn’t. I had my personal reasons but if you’re okay to move to Stockholm or if Spotify is already present in your city then this company won’t be bad to work for. All the best for your interviews. They are hard and tiring and also require a bit of luck. So, don’t lose hope if you didn’t crack one. I failed in many interviews before getting the Spotify offer even though my coding rounds went good. The skill of standing out online is needed more than ever in today's digital world. Whether to become a young marketer or grow one's brand, it is most important to learn digital marketing concepts. With our Digital Marketing Live Training Program, you can do all that, right in line with what any willing student needs. The course focuses on hands-on training in SEO, Social Media, and Content Marketing. Build the skills to make a difference in creating campaigns and driving accurate results. Set trends, not follow them. Enroll now and dominate the digital world! R "
Snapchat,Data Engineer,"['https://www.glassdoor.co.in/Interview/Snap-Data-Engineer-Interview-Questions-EI_IE671946.0,4_KO5,18.htm', 'https://www.interviewquery.com/interview-guides/snap-data-engineer', 'https://www.ambitionbox.com/interviews/snapchat-interview-questions']","                                 Copyright © 2008-2024. Glassdoor LLC. ""Glassdoor,"" ""Worklife Pro,"" ""Bowls,"" and logo are proprietary trademarks of Glassdoor LLC.  Back to Snap Inc. Getting ready for an Data Engineer interview at Snap? The Snap Data Engineer interview span across 10 to 12 different question topics. In preparing for the interview: Interview Query regularly analyzes interview experience data, and we've used that data to produce this guide, with sample interview questions and an overview of the Snap Data Engineer interview. Average Base Salary Average Total Compensation  View the full Data Engineer at Snap Inc. salary guide Typically, interviews at Snap vary by role and team, but commonly Data Engineer interviews follow a fairly standardized process across these question topics. We've gathered this data from parsing thousands of interview experiences sourced from members. Practice for the Snap Data Engineer interview with these recently asked interview questions. Write a query to get the largest salary of any employee by department Determine the requirements for designing a database system to store payment APIs Write a function to select only the rows where the student's favorite color is green or red and their grade is above 90. Get our subscriber-only content. Dive Deeper, learn smarter, and make your interview prep count.  The webpage at https://www.ambitionbox.com/interviews/snapchat-interview-questions might be temporarily down or it may have moved permanently to a new web address.  "
Airbnb,Systems Engineer,"['https://www.glassdoor.co.in/Interview/Airbnb-Software-Engineer-Interview-Questions-EI_IE391850.0,6_KO7,24.htm', 'https://interviewing.io/airbnb-interview-questions', 'https://igotanoffer.com/blogs/tech/airbnb-software-engineer-interview']","                                                                                               Copyright © 2008-2024. Glassdoor LLC. ""Glassdoor,"" ""Worklife Pro,"" ""Bowls,"" and logo are proprietary trademarks of Glassdoor LLC.  Mid to senior-level engineers interviewing at Airbnb can expect the following process Airbnb’s interview process is fully centralized, which means that everyone enters the same standardized process, and team matching happens at the end. For most levels of engineering at Airbnb, the process and questions are the same, but your answers are graded differently depending on your level. There is also a huge emphasis on culture fit, much more so than at most other companies of their size and stage. Airbnb’s recruiter call lasts 30 minutes, and it’s pretty standard fare – they’ll ask you about your previous experience, why you’re interested in Airbnb, and what you’re looking for moving forward. They’ll also review the specific role you’re applying for to make sure you understand the expectations and requirements. It’s really important, at this stage, to not reveal your salary expectations or where you are in the process with other companies. We’ve written a detailed post about salary negotiation that lays out exactly what to say if recruiters pressure you to name the first number. Generally, there’s only one technical phone screen, but if your interviewer didn’t get enough signal in the first one, you may be asked to do one more. Airbnb uses CoderPad to conduct technical interviews, and in these interviews you’re expected to write working code and run it – pseudocode is not allowed, and the expectation is that you’re extremely proficient in your language of choice. The onsite at Airbnb consists of 5-7 interview rounds with the following steps: As with the technical phone screen, you’ll have to write working code and run it (no pseudocode). The number of rounds is dependent on your level, so more senior engineers will have less coding interviews, but more system design. This interview is similar to Google’s system design interview. This interview will touch on your past projects, contributions, how you work in teams, and so on. The core engineering culture at Airbnb is all about making your mark and owning your impact. Airbnb calls these “Host interviews”, and they’re conducted by non-engineers. These interviews are very important, even if you do well on the technical portion, fail these and you won't get an offer. They'll be evaluating whether or not you’d be a good culture fit with everyone at Airbnb, and how you embody their values: Once you’ve passed your onsite, you can expect to speak with anywhere from 1 to 4 hiring managers. The hiring managers will try to sell you on joining their team, but will also use the time to decide if you’re ultimately a good fit for their specific org. Airbnb asks LeetCode-style questions, ranging from medium to hard difficulty. To figure out what types of questions to expect in your Airbnb interviews, we did two things. First, we spoke to some current and former Airbnb interviewers in our community. Then we cross-referenced all the anecdotes we heard with Glassdoor data AND our own data-set of mock interviews. Based on all of the above, here are the types of questions you’re likely to encounter: You may get low-level or high-level questions in this round. Examples include: Below are common questions that interviewers from Airbnb ask on our platform. Since our data comes from mock interviews, questions may not be exactly the same as what you'd see in real interviews. There is a hiring committee for engineering positions at Airbnb, who will ultimately decide on leveling, but whether or not to extend the offer falls to the hiring manager. You can expect an offer to come within a week or so of successful team matching. Want to know if you're ready to interview at Airbnb? Do anonymous interviews with interviewers from top companies, and see exactly where you stack up. See something inaccurate? Please fill out this form, and tell us about it. interviewing.io is a mock interview practice platform. We've hosted over 100K mock interviews, conducted by senior engineers from FAANG & other top companies. We've drawn on data from these interviews to bring you the best interview prep resource on the web. Interview prep and job hunting are chaos and pain. We can help. Really.  The coding interviews at Airbnb are really challenging. The questions are difficult, specific to Airbnb, and cover a wide range of topics. The good news is that the right preparation can make a big difference. We've analyzed scores of software engineer interview questions reported by Airbnb candidates, in order to determine the most frequently asked types of questions. Below, we've provided a curated list of real example questions, including free solutions.  In addition, you'll find preparation tips and links to the best resources, so that you can prepare more strategically and maximize your chances of landing that software engineer job at Airbnb. Here's an overview of what we'll cover: What's the Airbnb software engineer interview process and timeline? It typically takes 2-5 weeks (according to Glassdoor data), but could take as long as 8+ weeks in some cases. Below are the usual steps in the process: Step one is getting an Airbnb interview in the first place. In this guide we're focusing primarily on the interviews, so we'll keep this portion brief. You’ll need a quality resume and cover letter that are tailored to SWE positions, and to Airbnb more specifically. Click here to see our free guide to optimizing your tech resume (with examples). Once you have your documents together you can submit your application. And, if possible, it can be helpful to get an employee or contact at Airbnb to refer you to the recruiting team internally.  Once your application is approved by Airbnb, then you'll hear from a recruiter (usually through email).  When the recruiter reaches out to you, they'll often ask you to complete a HackerRank coding challenge. Not all candidates are asked to do this, but it's pretty typical. The challenge itself is about 1-hour long, and there will be several test cases you need to pass.  If you'd like to learn more about HackerRank, you can familiarize yourself with some of the challenges that are publicly posted on their website. If things go well with the recruiter and HackerRank challenge, then you'll move on to the next step of the process.  You'll face 1-2 technical phone screens with a peer or a potential manager at Airbnb. They'll ask you typical data structure and algorithm questions which you'll have to solve in a text editor. Refer to the section on example coding questions later in this guide to get a better idea of the questions that you'll encounter during your Airbnb interviews. If you crack the first round, the next step is to spend a day at one of Airbnb's offices and to participate in 4-6 onsite interviews.  You can expect about 2 of your onsite interviews to focus on coding questions (i.e. data structure and algorithm questions). You'll also typically have 2-3 behavioral interviews during your onsite visit. During your behavioral interviews, you'll get a mix of questions about your past experience, and your ""fit"" with the company culture. Airbnb puts a large emphasis on these types of behavioral questions, so you'll want to make sure you're well prepared for questions like ""Tell me about a difficult project you worked on"" or ""Why Airbnb?"". It's also a good idea to familiarize yourself with Airbnb's mission and core values, which you can read about on their website. In addition to your coding and behavioral interviews, you may also encounter a system design interview during your onsites. All candidates are expected to do extremely well in coding and behavioral questions, but if you're applying for a relatively junior position, then the bar will be lower on system design questions than for mid-level or senior engineers. You can learn more about system design questions later in this guide. As a final note, onsite visits will typically be a pretty long day, so it will probably include lunch. After your onsite interviews, your job as a candidate is finished. At that point, you'll just need to wait to hear back from Airbnb, to hopefully receive your job offer. The types of questions you'll face during your Airbnb interviews can be broken down into 3 broad categories: In order to land an offer at Airbnb, you'll want to be well prepared for each of these types of questions. To help you get ready, we've put together a list of interview questions from each category for you to practice with. Let's start with coding questions. Below we've compiled a list of coding interview questions. These questions are from Airbnb interview reports posted on Glassdoor, but for each question we've modified the phrasing of the question to match the closest Leetcode problem. We have also linked to a related free solution on Leetcode for each question.  Before you dive into Airbnb's coding questions, there's something else you'll want to know. At some tech companies, you can use general or ""quasi-code"" for your coding interview questions, where you don't actually have to run your code. But at Airbnb, you'll have to write code that will actually run and also pass test cases. Finally, we recommend reading this guide on how to answer coding interview questions and practicing with this list of coding interview examples in addition to those listed below. In addition to coding questions, you may also face system design questions during your Airbnb interviews. The coding questions we've covered above usually have a single optimal solution. But the system design questions you'll be asked are typically more open-ended and feel more like a discussion. This is the part of the interview where you want to show that you can both be creative and structured at the same time. In most cases, your interviewer will adapt the question to your background. For instance, if you've worked on an API product they'll ask you to design an API. However, this is not always the case so you should be ready to design any type of product or system at a high level. Below you'll find a list of example system design questions. It's difficult to find any publicly available system design questions from Airbnb, so as a substitute we've compiled some common questions from Google, Facebook, and Amazon which can be found on Glassdoor. Although these questions may be a bit different than the exact questions you'd face at Airbnb, the skills and concepts you'll be tested on will be similar, so feel free to practice with these examples. For more information, we recommend reading this guide on how to answer system design questions and we recommend practicing system design questions here. Example system design questions Finally, you'll be asked behavioral interview questions during your Airbnb interviews. Airbnb tends to emphasize candidate ""fit"" during their behavioral interviews. So, as you prepare, you'll want to get familiar with the company's culture. In addition, you'll need to know the company's mission and values and be able to articulate how you embody them. Below is a list of behavioral interview questions that were asked at Airbnb according to data from Glassdoor. As a note, we have modified some of the questions below to make them more clear, concise, and grammatically accurate. If you can consistently answer the questions below, that will be a great start to your behavioral interview question preparation for Airbnb. Example behavioral questions asked at Airbnb Now that you know the types of questions to expect, let's focus on how to prepare. Here are the four most important things you can do to prepare for your Airbnb software engineer interviews. Most candidates fail to do this, but before investing a ton of time preparing for Airbnb interviews, you should take some time to make sure it's actually the right company for you. This is especially important for Airbnb, given how heavily they emphasize culture fit. If you know engineers who work at Airbnb (or used to), talk to them to understand what the culture is like. In addition, we would also recommend reading the following resources.  As mentioned above, Airbnb asks three types of questions during their interviews: coding, system design, and behavioral. The first step of your preparation should be to brush up on these different types of questions and to practice answering them by yourself. Airbnb hasn't published specific guidance on their coding interview preparation. However, there are some really helpful resources that have been published by other large tech companies. For example, we feel that the Microsoft video below provides good general guidance for preparing for coding interviews. Just keep in mind that at Airbnb you'll usually be doing your coding interviews directly in a text editor on a computer (rather than on a whiteboard).  Here is a summary of the STAR approach recommended by Microsoft in the video above: For the rest of your coding prep, we recommend using our coding interview prep article as your one-stop-shop to guide you through your preparation process. For system design interviews, we think you'll find the approach outlined in the below video from Amazon to be quite helpful. Again, this advice is coming from another company (i.e. Amazon not Airbnb), but the overall skills and approach should be transferable. Here is a summary of what you should do: We'd also recommend studying our system design interview prep guide and learning how to answer system design interview questions. These guides cover a step-by-step method for answering system design questions, and they provide several example questions with solutions.  For behavioral interviews, we recommend learning our step-by-step method to answer this type of question and then practicing the most common software engineer behavioral interview questions. Finally, a great way to practice coding, system design, and behavioral questions, is to interview yourself out loud. This may sound strange, but it can significantly improve the way you communicate your answers during a real interview. Play the role of both the candidate and the interviewer, asking questions and answering them, just like two people would in an interview. However, by yourself, you can’t simulate thinking on your feet or the pressure of performing in front of a stranger. Plus, there are no unexpected follow-up questions and no feedback. That’s why many candidates try to practice with friends or peers. If you have friends or peers who can do mock interviews with you, that's an option worth trying. It’s free, but be warned, you may come up against the following problems: For those reasons, many candidates skip peer mock interviews and go straight to mock interviews with an expert.  In our experience, practicing real interviews with experts who can give you company-specific feedback makes a huge difference. Find an Airbnb software engineer interview coach so you can: Landing a job at a big tech company often results in a $50,000 per year or more increase in total compensation. In our experience, three or four coaching sessions worth ~$500 make a significant difference in your ability to land the job. That’s an ROI of 100x!"
Stripe,IT Support Engineer,"['https://www.glassdoor.co.in/Interview/Stripe-Support-Engineer-Interview-Questions-EI_IE671932.0,6_KO7,23.htm', 'https://medium.com/tech-pulse/no-leetcode-the-stripe-interview-experience-cf1b29e6f55d', 'https://www.linkedin.com/pulse/everyone-should-interview-stripe-muhammed-abdulkadir-tnhye/']","                                               Copyright © 2008-2024. Glassdoor LLC. ""Glassdoor,"" ""Worklife Pro,"" ""Bowls,"" and logo are proprietary trademarks of Glassdoor LLC.  Sign up Sign in   Member-only story Santal Tech Follow Tech Pulse 1.4K 9   In light of the recent layoffs, which I think Stripe handled well (CEO’s note to employees), I wanted to share my interview experience with them. I applied online directly on their jobs site. The next day, a recruiter reached out to me and said they wanted to chat. Overall, the process was this: I gave a quick introduction about who I was and what I was looking for, and the recruiter told me about the team and what sort of projects I’d be working on there. Typical stuff. For my technical phone screen, we did a programming question. The recruiter emphasized it’d be a “pair programming” session, where it should feel like the interviewer and I were collaborating on a problem — for the most part, this was true. The interviewer gave me a hint when I was deciding which approach to take to solve the problem, and we had a pleasant discussion about tradeoffs I was making in the solution I decided to implement. The author made this story available to Medium members only.
If you’re new to Medium, create a new account to read this story on us.
Sign up with Google
Sign up with Facebook
Sign up with email
Already have an account? Sign in The author made this story available to Medium members only.
If you’re new to Medium, create a new account to read this story on us.  1.4K  9 Tech Pulse Software engineer interview and career tips. https://santal.tech has my interview experiences with Square, Datadog, Retool, Two Sigma, and more. Thanks! Santal Tech in Tech Pulse Santal Tech in Tech Pulse Santal Tech in Tech Pulse Santal Tech Charan Alexander Nguyen in Level Up Coding Kashish Gupta Abhishek Jha in Interview Process Surabhi Gupta in Code Like A Girl Rajan Sharma                                                                                  Create your free account or sign in to continue your search      or New to LinkedIn? Join now By clicking Continue to join or sign in, you agree to LinkedIn’s User Agreement, Privacy Policy, and Cookie Policy."
Dropbox,Technical Program Manager,"['https://www.tryexponent.com/questions?company=dropbox&role=tpm', 'https://www.glassdoor.co.in/Interview/Dropbox-Technical-Program-Manager-Interview-Questions-EI_IE415350.0,7_KO8,33.htm']","""We had a huge launch on September 1st of this year where we completely redesigned our application from the grounds up and also migrated to a new platform (React.JS). This project took us 8 months and the launch was a huge deal for the team. Unfortunately the launch wasn't as smooth as we expected and despite doing multiple rounds of QA, some major issues cropped up in the core part of the app right after launch and our client was quite upset since it was disrupting their day-to-day workflow. ""  ""I was working for my friend building streams at venues across the Chicago land area for FGC (fighting game tournaments), I adjusted and engineered his equipment to be set up permanently that's until covid came around at least. I used OBS to give visual appearances to stream watchers. So we're talking about subscribe, follow, and donation notifications and things of that nature for viewers to know they contributed in one of those ways. I set up proper sign-up scheduling for participants to lock t""  ""Hi Team, where can I see sample answers for this question?""  ""Video has audio disruption starting at ~7th minute, did not understand what law he was talking about. Can someone please clarify?""  ""Why skip defining the data model? Or did I just miss it?""  ""performance issues and sudden spikes on input requests by scaling techniques and optimization.""  ""Customer happiness Execution velocity Engineering engagement Capacity utilization""  ""Project Schedule is a living document which is prepared based on inputs from the entire team including product, engineering, finance, sales, marketing, legal etc. It is owned by Project/Program Manager but it reflects progress of the whole team. Inputs required for the development of schedule includes project charter, list of stakeholders, project scope, WBS, freeze calendar, vendor SOWs etc. I will use the following approach for schedule development: Copy Milestone level plan from Project""      Get updates in your inbox with the latest tips, job listings, and more.                                                               Copyright © 2008-2024. Glassdoor LLC. ""Glassdoor,"" ""Worklife Pro,"" ""Bowls,"" and logo are proprietary trademarks of Glassdoor LLC. "
Atlassian,Embedded Systems Engineer,"['https://www.glassdoor.co.in/Interview/Atlassian-Software-Engineer-Interview-Questions-EI_IE115699.0,9_KO10,27.htm', 'https://www.atlassian.com/company/careers/resources/interviewing/how-to-nail-your-engineering-interview', 'https://medium.com/@debaban573/atlassian-software-engineer-interview-experience-ed78377b2539']","                                                                                                Copyright © 2008-2024. Glassdoor LLC. ""Glassdoor,"" ""Worklife Pro,"" ""Bowls,"" and logo are proprietary trademarks of Glassdoor LLC.                                        What’s it like to interview for an engineering role at Atlassian? An inside look at our process so you can shine. At Atlassian, we use a lot of different tech stacks—and many different languages. Our engineering teams build on top of frequently used foundations to develop, ship, and run highly secure, reliable, and compliant software at scale. You might switch from one to another in a single week, solving problems on the backend, frontend, or somewhere else entirely. You might join us as a member of a Jira team and move to Trello a year later. Instead of evaluating candidates based on their proficiency in a specific language, we’re looking for people with broad distributed engineering skills and experience with various languages. And we’ve designed our interview process accordingly: It’s an assessment framework based not on languages, but on qualifications such as problem-solving ability and learning agility. Because of this, we’re able to see a candidate’s depth and breadth. We’d like to see not only how you code, but how you think.  We’re excited to bring engineering candidates into this process—and to see them succeed. To give you an idea of what to expect, below we break down the process piece by piece In the coding interview stage, we’ll draw from a different bank of questions, designed to assess your coding proficiency as well as your problem-solving skills. This portion of the interview is in two parts: Keep in mind that our coding interviews are different from a traditional technical interview—because you can choose the language you work in. Clean code matters, but what’s most important is how you think. We want to see your approach to trade-offs like verbosity versus optimization. This isn’t about following language-specific patterns in a particular code base, and missing a line isn’t a deal-breaker—it won’t cost you the job.  What might the coding prompts look like? Here are a few examples based on the role you’re applying for:  Software Engineer Roles Principal Engineer Roles The systems design interview is a chance to show off your creative thinking as you take on a real-life engineering challenges. This 60-minute session is a technical interview—but that doesn’t mean the goal is code. Instead, your interviewer will choose from a set of structured questions designed to help us understand how you would tackle the problems we solve at Atlassian, from architectural challenges to scaling systems under specific conditions. We want to understand how you explore an issue—what questions you would ask, how you’d talk through constraints like reliability and cost, who you might partner with for help, and which technologies you’d use. There’s no one right answer! The problem you’re asked to solve will likely have many viable solutions. But this is still meant to be a practical, not theoretical, conversation. Draw from your previous experience and use precise examples to explain what you would do and why. And like all of our interview questions, it will be designed to “ladder,” meaning your interviewer’s follow-ups can get more—or less—challenging as you progress. They might ask you to consider a different approach, or see how you adjust your thinking if a new trade-off is introduced. This is part of how we assess learning agility; we want to know how well you think on your feet. In the manager interview, we’ll talk about who you are today—and who you want to be at Atlassian. Of course, throughout the interview process, we want to make sure we get to know candidates as humans—and we want them to get to know us. But we also want to take the chance to dig a bit deeper, to talk through the impact you could have at Atlassian—and on how we’d be able to help you grow. So in this session—usually one-on-one with either the hiring manager or a more senior manager on the team—we’ll ask questions designed to understand not just who you are, but also what you’re interested in and excited about. We’ll talk about how you can add value not only in the role and team you’re applying for, but in your long-term career at Atlassian. We see each Atlassian we hire as an investment in our company, and it’s critical that we understand where you are, and where you want to go. We’ll also use this session to learn as much as we can about how you work, especially your collaboration and communication styles. Make sure you’re prepared to talk about a past project or two, from who you worked with to the technical challenges you had to overcome. You could also speak to the business justification for the project—the reason you were working on it in the first place. How you describe what you’ve done tells us a lot about what it might be like to work together.  So remember, we’re here to help you, not to stump you. If you don’t know what to do, say so! Communication and collaboration are key skills on our team, so just think of it as another opportunity to show your stuff. The values interview is designed to assess your alignment with—and answer your questions about—Atlassian’s five values.  To Atlassians, values aren’t the same as culture. The latter changes as we grow, and varies from office to office. But our values stay the same. They’re the backbone on which a sustainable company is built. And because our values are woven into our practices, processes, and the way we run our teams, your values interviewer likely won’t be a member of the team you’re applying to join; it could be someone from Sales, HR, or Customer Support. They’ll have a set of questions to guide your conversation, but these are usually fairly informal meetings. Our goal is to understand your mindset, and the way it guides your actions. After successfully completing the interview process, your interviewers will consolidate feedback and debrief. If there's a good fit between your skills and experience, you will progress to the final stage in the process - being reviewed by a Hiring Committee. As part of our hiring philosophy, and to ensure a consistent and equitable interview experience, we’ve introduced a Hiring Committee as the last stage in our hiring process. Atlassian hiring committee members are separate from the interviewers you will meet and only have access to specific information relating to the interview process (this includes interview feedback and CV information). The hiring committee will look holistically at skills, strengths and behaviours, ensuring an objective hiring decision. As you go through this process, we want you to have a great experience - and we want to do everything we can to bring out the best in you, because it’s your best that will determine how you can contribute to our team. So remember, we’re here to help you, not to stump you. If you don’t know what to do, say so! Communication and collaboration are key skills on our team, so just think of it as another opportunity to show your stuff. Most important, know that we’re not hiring with one perfect candidate in mind. Instead, we’re bringing in people with a wide range of skills, backgrounds, and perspectives, and giving them every possible opportunity to put their best foot forward. Adjustments for individual needs To ensure you have the best candidate experience possible, please let your Talent Acquisition Partner know what accomodations or adjustments you require at any stage of the recruitment process.  Copyright © 2024 Atlassian Error: Message: stale element reference: stale element not found in the current frame
  (Session info: chrome=131.0.6778.69); For documentation on this error, please visit: https://www.selenium.dev/documentation/webdriver/troubleshooting/errors#stale-element-reference-exception
Stacktrace:
#0 0x5a87b7faf4ca <unknown>
#1 0x5a87b7ac2620 <unknown>
#2 0x5a87b7ac83e3 <unknown>
#3 0x5a87b7aca8a8 <unknown>
#4 0x5a87b7aca933 <unknown>
#5 0x5a87b7b0bac2 <unknown>
#6 0x5a87b7b35372 <unknown>
#7 0x5a87b7b05938 <unknown>
#8 0x5a87b7b3553e <unknown>
#9 0x5a87b7b53de0 <unknown>
#10 0x5a87b7b35113 <unknown>
#11 0x5a87b7b03be0 <unknown>
#12 0x5a87b7b04bbe <unknown>
#13 0x5a87b7f7be4b <unknown>
#14 0x5a87b7f7fde2 <unknown>
#15 0x5a87b7f68d2c <unknown>
#16 0x5a87b7f80957 <unknown>
#17 0x5a87b7f4e4bf <unknown>
#18 0x5a87b7f9e348 <unknown>
#19 0x5a87b7f9e510 <unknown>
#20 0x5a87b7fae346 <unknown>
#21 0x7d11d9dcdac3 <unknown>
"
Shopify,QA Engineer,"['https://shopify.engineering/nail-your-technical-shopify-interview', 'https://www.usebraintrust.com/hire/interview-questions/shopify-developers', 'https://www.glassdoor.co.in/Interview/Shopify-Interview-Questions-E675933.htm']","The interview process can be one of the most daunting aspects of finding a new gig—but it doesn’t have to be. This guide pulls back the curtain on what to expect during the interview process for technical roles at Shopify and sets you up for success with tips for each stage.   The interview process can be one of the most daunting aspects of finding a new gig—but it doesn’t have to be. Our recruiters and interviewers are here to support you throughout the process with clear communication and expectations so you can feel confident every step of the way.  This guide will pull back the curtain on what to expect during the interview process for technical roles at Shopify and set you up for success with tips for each stage. Keep in mind that we thrive on change, so this guide will be updated from time to time as we evolve and iterate on our hiring practices. We've outlined the common types of interviews, but the process can vary depending on the specific role and team you’re interviewing for. This guide is focused on individual contributor roles, as the leadership interview process typically includes some additional team-specific interviews. The Life Story is a one-hour conversational interview with a recruiter about your past personal and professional experiences. You’ll receive a Google Calendar invitation with a Meet link where the interview will take place. Expect an organic, two-sided conversation rather than your typical interview Q&A. The conversation can be as personal as you want it to be—share your personal triumphs and failures, or get deeply technical if that’s where your passions live. We hire people, not resumes, so the more we can get to know you in this conversation, the better.  Shake those nerves off! The Life Story interview is meant to be fun, and we’re genuinely excited to meet you. If you’re feeling nervous, it can help to take a deep breath and relax your shoulders between questions. You can even leave a sticky note nearby to remind you. Spend some time before your interview reflecting on all of the experiences you’ve had and the things you've done to bring you to the point you're at today. Here are some prompts to get you thinking: Get to know the five key traits we look for during the Life Story, and consider how you can frame your experiences using these topics: Come as you are. Maybe you think best in a three-piece suit; maybe you have a favorite t-shirt and jeans combo—we’re happy as long as you’re comfortable.  It’s best to avoid meeting from a coffee shop or other potentially distracting communal locations. If you don’t have a private space at home, many public libraries allow you to reserve a private room.  During the life story interview, we try to talk to people about their background in a way that helps us figure out what interesting things they’ve done in their past, and how they’ve reacted to these situations. This helps us remove any unconscious biases we may have. The coding exercise is a 40-minute interview focused on algorithmic thinking and problem solving with a Shopify developer or data scientist. You’ll be asked to work through a problem and solve it using the programming language you’re most comfortable with. We may ask you questions about how you’re approaching the task and the technical background of the problem. We use CoderPad to conduct our coding exercises. You’ll receive a link before your interview where you’ll be paired with a Shopify developer to work on a programming exercise. You’ll be writing the code, but your interviewer is there to help with feedback and to answer questions throughout the exercise. The objective of this interview is to understand how you solve problems with code, with the ultimate goal of getting to a working solution. Ask clarifying questions to make sure you understand the problem before jumping into solution mode. You can also use any online resources you see fit during the interview (documentation, search engine, etc.). Just don’t research already built solutions. Run your code early and often throughout the exercise, so you can debug as you go. Focus on getting to a working solution, not a perfect one. Think about edge cases and limitations and share your thought process out loud. Coding exercises are about communication. Pair programming is a software development technique where two programmers work together on one problem. One programmer, the driver, writes code while the other, the observer, reviews the process.  You’ll be paired for about 75-90 minutes with a Shopify developer to work on a programming exercise remotely. You’ll be the driver writing the code, but you and your partner will work together on the solution. The session will be conducted over Google Hangouts, so be prepared to share your screen and have your line numbers turned on in your code editor. We’ll present you with a small problem that you’ll take the lead on solving with your partner/interviewer. You’ll be writing code to solve a problem and running that code in your environment to verify the results. You can work in the language of your choice, unless otherwise specified. Front-end candidates are expected to work through and solve a problem in HTML, CSS, and JavaScript. This includes variants like TypeScript and libraries or frameworks like React. Your pairing partner will ask questions about your approach and implementation as you work. Go ahead and ask them questions too! Shopify developers frequently pair program. Two heads are better than one, and having two different sets of experience, context, and specialization increases code quality and can crack more complex problems.  Share your thought process as you go through the challenge and implementation—pair programming is about communication. We want to hear what you’re doing and why you’ve chosen to take that approach. Don’t be afraid to ask clarifying questions to understand the problem, but remember you’re the driver during the pair programming session. You can refer to online references as needed. Think about edge cases, scalability, limitations, and testability. It’s better to have a well approached and considered solution that’s incomplete than a finished solution that’s sloppy, untestable, and fragile.  Don’t be afraid to ask questions, or admit that you don’t know the answer to something off the top of your head. We want to hire people who are transparent and curious. The Technical Deep Dive is a 60-minute conversational interview where you’ll be asked to talk about your impact in previous roles or projects. It’s also an opportunity to learn and ask questions about Engineering at Shopify, the role, and our teams. You’ll be asked to come to a Google Meet prepared to talk about one or two development projects you’ve worked on that you know very well and can discuss in detail. We recommend selecting a project or two that align with the scope of the role you’re interviewing for. It could be something you owned from idea to launch or worked on extensively. We’d like to talk about your approach to and role in the project, including: We also want to know how you might have done things differently. Our interviewers are also engineers and want to hear specific technical details. You’re welcome to use a whiteboard or slides if you feel that will help you explain your work, but it isn’t expected. Be sure to choose a project you have a good memory of. Avoid a solo or side project, as those can be hard to dig into and don’t often have business trade-offs or product components. Remember this is a conversation not a presentation. If you bring a visual aide, be sure to take pauses to allow your interviewer to ask questions throughout. Creativity and resourcefulness are key to success in an ever-changing environment. We need people who care deeply about doing the right thing for Shopify and our merchants, without depending on a rigid process or plan for everything. If there’s a role at Shopify that excites you, even if your experience isn’t a perfect match for the role description, we hope you’ll apply. We believe that varied experiences create strength and resiliency—in products and in people. How business is done is constantly adapting and changing, and we look for people who have cultivated a deep curiosity for opening new pathways.  The thing I’m most passionate about, at the end of the day, is diversity. If we’re going to make commerce better for everyone—and the key word for me there is everyone—then we need to make our company and what we produce reflect everyone. More tips to help with your interview: Check out these posts for more career growth tips: Ashley Sawatsky ﻿is Copy Editor on Shopify's Engineering Communications team. She’s also a writer, a mom, and an iced coffee drinker. Connect with Ashley on LinkedIn. We're always on the lookout for talent and we’d love to hear from you. Visit our Engineering careers page to find out about our open positions.   2023-10-18 2023-09-11 2023-07-26 2022-10-05 See our open roles and learn more about our digital by design culture.                                                 What is Shopify, and why is it popular for e-commerce development? Can you explain the structure of a typical Shopify theme? How can you customize a Shopify theme? What are Liquid templates, and how are they used in Shopify? How do you add custom functionality to a Shopify store? Can you explain how Shopify handles security for online stores? What is the Shopify Plus platform, and when would you recommend it? Describe the Liquid filter, and give an example of how it's used. What is the Shopify API, and how is it used? Can you explain the concept of ""metafields"" in Shopify? How do you optimize the performance of a Shopify store? What's the Shopify Partner Program, and how can you benefit from it as a developer? How do you handle version control and deployments for a Shopify store? Can you explain the Liquid objects used in Shopify themes? What is the difference between Shopify themes and apps? How can you troubleshoot common issues in a Shopify store? Can you explain how to create a custom Shopify app? What is ""liquid"" as it pertains to Shopify development? How do you ensure a Shopify store is mobile-responsive? How can you create a custom payment gateway for Shopify? Can you explain the concept of ""multi-currency"" in Shopify, and how can it be implemented? How do you handle cross-browser compatibility for a Shopify store? Describe your experience with creating custom Shopify themes from scratch. How would you handle a situation where a client needs to migrate their existing online store to Shopify? What are your favorite Shopify apps or tools for enhancing e-commerce stores? See also In your pursuit of Shopify Developers, we stand ready to assist in finding top talent swiftly. With our services, you can expect to be matched with five highly-qualified Shopify Developers within just minutes. Let us streamline your recruitment process and connect you with the skilled professionals you seek to meet your needs effectively. Why Braintrust We only accept top tier talent, so you know you’re hiring the best. Each hire comes with a 100% satisfaction guarantee for 30 days. While others mark up talent by up to 70%, we charge a flat-rate of 15%. We’ll match you with highly qualified talent instantly. Without high-markups, you can make your budget go 3-4x further. Our talent own the network and get to keep 100% of what they earn. Get matched with Top Shopify Developers in minutes 🥳 Own it. Your work. Your network. Your future. The Braintrust Token is an ERC-20 token issued on the Ethereum blockchain network by the Braintrust Technology Foundation, a nonprofit foundation. Braintrust Tokens do not represent any right to or claim on the Braintrust network or any other person or entity, and has been adopted by the Braintrust network and users for various activities on the network only, such as for staking, governance, voting and payment purposes.                                                                                                   Copyright © 2008-2024. Glassdoor LLC. ""Glassdoor,"" ""Worklife Pro,"" ""Bowls,"" and logo are proprietary trademarks of Glassdoor LLC. "
PayPal,Automation Engineer,"['https://www.glassdoor.co.in/Interview/PayPal-Automation-Engineer-Interview-Questions-EI_IE9848.0,6_KO7,26.htm', 'https://www.ambitionbox.com/interviews/paypal-interview-questions', 'https://www.geeksforgeeks.org/paypal-interview-experience-for-software-engineer/', 'https://kanchan-pal.medium.com/paypal-interview-experience-sde-3-a015695d0eba']","                       Copyright © 2008-2024. Glassdoor LLC. ""Glassdoor,"" ""Worklife Pro,"" ""Bowls,"" and logo are proprietary trademarks of Glassdoor LLC.  The webpage at https://www.ambitionbox.com/interviews/paypal-interview-questions might be temporarily down or it may have moved permanently to a new web address.   Hello everyone, I cleared round 1 of the PayPal Software Summer Internship. I received a notification via email that my technical interview was scheduled for a week later. Firstly, I was not sure that it was an SE role, as I had received a mail for a technical support role earlier. I went through all the available resources and revised the previously asked questions in PayPal. I prepared for the interview for two days only. I was tensed and worried as I was less prepared. Finally, the day of the technical interview arrived. My technical interview was scheduled for 07-03-2023 at 10:30 a.m. Coming to the Technical round I introduced myself, made him aware of my skills and projects, and told him that I was doing an internship at Codeclause as a web development intern, etc. I explained my projects to him so that he understood them, and then I told him that I was assigned some tasks and projects at Codeclause and that I developed a few there. There was a good discussion regarding projects in the round. DBMS and SQL  After discussing DBMS and SQL for some time, the interviewer started asking questions about DSA. DSA PART  Then the interviewer shifted toward the coding part.       I explained to him two approaches, which I could remember. I told him that I can append the first array or vector, or I will use a separate vector and insert the elements and sort the elements. I discussed the time and space complexities of the preceding approaches. The interview asked me to code in any of the two approaches I described and I did and was able to code them He again asked me questions on arrays. As it had already been an hour since the interview began, the interviewer told me that he would give me another question. Java Part Two hours later, I got word through email that I had cleared the technical round and my managerial round was scheduled for that day itself. Last Round: Managerial Round The manager was a senior data engineer at PayPal. I introduced myself, made him aware of my skills and projects, and told him that I was doing an internship at CODEclause as a web development intern, etc. (the same thing). I tried to answer the question, but the interviewer was not satisfied with the answer, I guess. There was a good discussion of projects in the managerial round too. Overall, the managerial round didn’t go well, and I learned through T&P that I didn’t clear the last round. The Main Takeaways from my first interview with PayPal  As interviewers, they will ask us questions based on what we say. It was a wonderful experience, and I learned a lot from my first interview. Thank you. Are you feeling lost in OS, DBMS, CN, SQL, and DSA chaos? Our Complete Interview Preparation Course is your solution! Trusted by over 100,000+ Geeks, it covers all essential topics, ensuring you're well-prepared for technical challenges. Join the ranks of successful candidates and unlock your placement potential. Enroll now and start your journey to a successful career! K  Error: Message: stale element reference: stale element not found in the current frame
  (Session info: chrome=131.0.6778.69); For documentation on this error, please visit: https://www.selenium.dev/documentation/webdriver/troubleshooting/errors#stale-element-reference-exception
Stacktrace:
#0 0x5a87b7faf4ca <unknown>
#1 0x5a87b7ac2620 <unknown>
#2 0x5a87b7ac83e3 <unknown>
#3 0x5a87b7aca8a8 <unknown>
#4 0x5a87b7aca933 <unknown>
#5 0x5a87b7b0bac2 <unknown>
#6 0x5a87b7b35372 <unknown>
#7 0x5a87b7b05938 <unknown>
#8 0x5a87b7b3553e <unknown>
#9 0x5a87b7b53de0 <unknown>
#10 0x5a87b7b35113 <unknown>
#11 0x5a87b7b03be0 <unknown>
#12 0x5a87b7b04bbe <unknown>
#13 0x5a87b7f7be4b <unknown>
#14 0x5a87b7f7fde2 <unknown>
#15 0x5a87b7f68d2c <unknown>
#16 0x5a87b7f80957 <unknown>
#17 0x5a87b7f4e4bf <unknown>
#18 0x5a87b7f9e348 <unknown>
#19 0x5a87b7f9e510 <unknown>
#20 0x5a87b7fae346 <unknown>
#21 0x7d11d9dcdac3 <unknown>
"
Square,Mobile Developer,"['https://www.glassdoor.co.in/Interview/Square-Interview-Questions-E6548557.htm', 'https://interviewing.io/block-interview-questions', 'https://medium.com/@david.lee/square-interview-experience-part-2-b0c7525b9d48']","                                                                                     Copyright © 2008-2024. Glassdoor LLC. ""Glassdoor,"" ""Worklife Pro,"" ""Bowls,"" and logo are proprietary trademarks of Glassdoor LLC.  The info below is based on conversations with Block/Square engineers in 2023. Mid to senior-level engineers interviewing at Block/Square (from now on we'll refer to them as Square) can expect the following process: Square’s hiring process is a hybrid. Although you apply for a specific team from the get-go, your interviews will likely not be with the people on your team – interviewers are randomly selected from a pool – except for the hiring manager interview. Note: Square is one of the few companies that will actually give you some constructive post-interview feedback! The entire process takes about 6 weeks, based on our sources. Square’s recruiter call lasts 30 minutes, and it’s pretty standard fare – they’ll ask you about your previous experience, why you’re interested in Square, and what you’re looking for moving forward. They’ll also review the specific role you’re applying for to make sure you understand the expectations and requirements. It’s really important to not reveal your salary expectations or where you are in the process with other companies. We wrote a detailed post about salary negotiation that lays out exactly what to say when recruiters pressure you to name the first number. Square’s technical phone screen lasts about an hour. In rare cases, they will let very senior candidates skip this step. In this interview, you’ll pair with your interviewer on a coding problem in CoderPad. After this round is over, you’ll get high-level feedback about your performance from your recruiter, regardless of outcome (e.g., you might get feedback about your coding speed, your attention to detail, and so on). The onsite at Square consists of 4-5 sessions, depending on the role and experience level of the candidate. Most of the interviews, except for the hiring manager interview and the coding rounds, are two-person panels. If you’re a mid to senior-level engineer, you can expect the onsite to look something like this: Square’s onsite includes two separate 1-hour coding interviews, conducted in CoderPad. This round is conducted by a two-person panel. This round is conducted by a panel of two very senior engineers (both will be L6 and above). This is a call with a hiring manager from the team you’d be working on. For more junior engineers, it usually takes the form of a “Teach me something technical”. For more senior engineers, it’s usually a deep-dive into a relevant project you’ve worked on in the past. Coding questions at Square are practical, e.g., “Build an app to split a bill with friends”, rather than LeetCode-style. Square has a question bank with approved questions that interviewers can pull from, and they can submit their own questions to it as well, though there’s a rigorous review process: Interviewers are also encouraged to layer complexity in their interviews, and a question that might start out simple can go to unexpected places. Square’s questions, while practical, may touch on the following technical topics/concepts, as you’ll need them to build whatever it is your interviewer tasks you with: These will likely be high-level system design questions, and though it’s now retired, one of the more common system design questions at Square was “Design a Hotel booking system”. Below are common questions that interviewers from Square ask on our platform. Since our data comes from mock interviews, questions may not be exactly the same as what you'd see in real interviews. After each round, interviewers leave feedback and makes a hire or no-hire recommendation. Those are then collected and sent to the hiring manager, who will decide whether to “plead your case” in front of the Hiring Bar (Square’s version of a hiring committee). Note that you can get mixed feedback from your interviewers and still get moved forward. It really depends on what the hiring manager needs and what they can justify. Square’s Hiring Bar is composed of 3 people – either eng managers or senior engineers. Your hiring manager takes your resume and interview results and explains why you’d be an asset to their team. Then the Hiring Bar votes, and if you get at least 2 of the 3 votes, you get an offer. Want to know if you're ready to interview at Block/Square? Do anonymous interviews with interviewers from top companies, and see exactly where you stack up. See something inaccurate? Please fill out this form, and tell us about it. interviewing.io is a mock interview practice platform. We've hosted over 100K mock interviews, conducted by senior engineers from FAANG & other top companies. We've drawn on data from these interviews to bring you the best interview prep resource on the web. Interview prep and job hunting are chaos and pain. We can help. Really.  Error: Message: stale element reference: stale element not found in the current frame
  (Session info: chrome=131.0.6778.69); For documentation on this error, please visit: https://www.selenium.dev/documentation/webdriver/troubleshooting/errors#stale-element-reference-exception
Stacktrace:
#0 0x5a87b7faf4ca <unknown>
#1 0x5a87b7ac2620 <unknown>
#2 0x5a87b7ac83e3 <unknown>
#3 0x5a87b7aca8a8 <unknown>
#4 0x5a87b7aca933 <unknown>
#5 0x5a87b7b0bac2 <unknown>
#6 0x5a87b7b35372 <unknown>
#7 0x5a87b7b05938 <unknown>
#8 0x5a87b7b3553e <unknown>
#9 0x5a87b7b53de0 <unknown>
#10 0x5a87b7b35113 <unknown>
#11 0x5a87b7b03be0 <unknown>
#12 0x5a87b7b04bbe <unknown>
#13 0x5a87b7f7be4b <unknown>
#14 0x5a87b7f7fde2 <unknown>
#15 0x5a87b7f68d2c <unknown>
#16 0x5a87b7f80957 <unknown>
#17 0x5a87b7f4e4bf <unknown>
#18 0x5a87b7f9e348 <unknown>
#19 0x5a87b7f9e510 <unknown>
#20 0x5a87b7fae346 <unknown>
#21 0x7d11d9dcdac3 <unknown>
"
Reddit,Full Stack Developer,"['https://www.glassdoor.co.in/Interview/Reddit-Interview-Questions-E796358.htm', 'https://www.geeksforgeeks.org/full-stack-developer-interview-questions-and-answers/']","                                                                                        Copyright © 2008-2024. Glassdoor LLC. ""Glassdoor,"" ""Worklife Pro,"" ""Bowls,"" and logo are proprietary trademarks of Glassdoor LLC.  Full-stack developers are like web experts who can create and manage entire websites. This article contains many most asked questions and answers you might face in interviews for such jobs. It covers all the skills you should have such as HTML, CSS, JavaScript, GitHub, Node.js, MongoDB, PHP, Java, Python, and common interview questions. Whether you’re experienced, or a fresher this article is a go-to guide to crack interviews for Full Stack Developer roles. This article is easy to understand, up-to-date, and very informative. Reading it can boost your chances of nailing your next dream interview. Q1. What is an Iframe in HTML?
The iframe in HTML stands for Inline Frame. The ” iframe ” tag defines a rectangular region within the document in which the browser can display a separate document, including scrollbars and borders. Syntax: Attributes value: It contains a single value URL that specifies the URL of the document that is embedded in the iframe. There are two types of URL links which are listed below: Q2. What are Meta Tags and what are its uses?
Meta Tag(<meta>) is an HTML component that gives the metadata about an HTML document. MetaData can be characterized as data that gives the data of different information or basic information about information. It is an empty tag, for example, it just has an initial tag and no end tag. They are always present inside the <Head> tag and are utilized to portray Page portrayals, Certain Keywords, Author of the Document, viewport settings, determining character sets, and so on. Syntax :  Attributes: The following attributes with their values are described below: Q3. What is the difference between properties and attributes in HTML? Q4. Difference between <div> and <span> Tag in HTML Q5. Explain APIs Available in HTML5
API stands for Application Programming Interface. An API is a set of pre-built programs that can be used with the help of JavaScript. APIs are used to implement already written code to fulfill the needs of the project you are working on. HTML Geolocation API: The Geolocation API is used to get the current location of the user or the page visitor. Syntax: Methods available in Geolocation API: HTML Drag and Drop API: Drag and Drop is a common feature nowadays, where you can drag an item from one place and drop it in another. Syntax: To use drag and drop first you have to make the element draggable as shown below: HTML Web Storage API: HTML web storage API is used to store the data on the web browser. Early, the data was stored in the form of cookies that can store a small amount of data and cannot be transferred further to the server. But, HTML5 introduces us to the Web Storage API that can store large data as compared to cookies and can be transferred to the server. Using this API for storing data is more secure than using cookies. Web storage API provides us with two objects to work with: Q6. How to apply CSS styles to a web page ?
Cascading Style Sheet (CSS) is used to set the style in web pages that contain HTML elements. It sets the background color, font-size, font-family, color, … etc. properties of elements on a web page. There are three types of CSS which are given below: Q7. Explain how to define a variable in SASS
SASS variables can have only one value at a time, which means they can’t have different values of different elements. We can store the information related to numbers strings, lists, booleans, colors, and null in the SASS variables. Sass Variables:  Syntax:  Q8. CSS Selectors
 A CSS selector selects the HTML element(s) for styling purposes. CSS selectors select HTML elements according to their id, class, type, attribute, etc. Q9. What is the CSS clear property? The clear property is used to specify which side of floating elements are not allowed to float. It sets or returns the position of the element in relation to floating objects. If the element can fit horizontally in the space next to another element that is floated, it will.  Syntax: Q10. What is flexbox? The flexbox or flexible box model in CSS is a one-dimensional layout model that has flexible and efficient layouts with distributed spaces among items to control their alignment structure ie., it is a layout model that provides an easy and clean way to arrange items within a container. Flexbox can be useful for creating small-scale layouts & is responsive and mobile-friendly. Features of flexbox: Q13. What is the CSS 2D Transforms
A transformation in CSS is used to modify an element by its shape, size and position. It transforms the elements along the X-axis and Y-axis. There are 6 main types of transformation which are listed below: Q14. Difference between RGB vs RGBA color format Q15. What is Bootstrap Grid System?
Grid System: Bootstrap Grid System allows up to 12 columns across the page. You can use each of them individually or merge them together for wider columns. You can use all combinations of values summing up to 12. You can use 12 columns each of width 1, or use 4 columns each of width 3 or any other combination. Q16. How to add badge to list group in Bootstrap ?
Badges are the number label that is associated with the link to indicate the number of items associated with the link. For instance, the notification number can be seen when logged in to a particular website which tells the numbers of new notifications to see by clicking on it. Syntax: Q17. How to use calc() in Tailwind CSS ?
The calc() is a built-in function in CSS that enables you to carry out mathematical computations. You can use the calc() function in Tailwind CSS to dynamically determine values for different CSS properties. You can use the “calc()” statement just by wrapping it inside square brackets. In this article, we will see the usage of the calc() function in Tailwind CSS. Syntax: Parameter: The ‘expression” can include mathematical operations, values, and units. Q18. How to align two elements left and right using tailwind CSS ?
You can easily float the elements to the left and right using Tailwind CSS. This can be done using either tailwind flex or flow-root classes. Classes used: Q19. What is an Alert component in Bootstrap?
The .alert class followed by contextual classes are used to display the alert message on website. The alert classes are: .alert-success, .alert-info, .alert-warning, .alert-danger, .alert-primary, .alert-secondary, .alert-light and .alert-dark. Syntax: Q20. Tailwind CSS Box Shadow
This class accepts lots of value in tailwind CSS in which all the properties are covered in class form. By using this class we can control the box-shadow of an element. In CSS, we do that by using the CSS Shadow Effect properties of box-shadow.  Box Shadow classes: Syntax: Q21. What is the purpose of the not-sr-only class in Tailwind CSS?
This class accepts lots of value in tailwind CSS in which all the properties are covered in class form. This class is used to improving accessibility with screen readers.  Screen Readers classes: Syntax: Q22. this keyword
JavaScript this keyword always holds the reference to a single object, which defines the current line of code’s execution context which means this keyword refers to the object that is currently executing the code. Functions in JavaScript, are essentially objects.  Q23. How does JavaScript .prototype work ?
 Every function has its properties prototype, these properties make it to the prototype of the function, so creating objects from this function by calling it in constructor mode whatever objects created will be the prototype of prototype template that means objects follow the template of prototype whatever properties or behaviour mention in prototype, objects will able to access those properties. Q24. Difference between double equal vs triple equal JavaScript Q25. What is promise?
JavaScript Promise are easy to manage when dealing with multiple asynchronous operations where callbacks can create callback hell leading to unmanageable code. Prior to promises events and callback functions were used but they had limited functionalities and created unmanageable code. Multiple callback functions would create callback hell that leads to unmanageable code. Promises are used to handle asynchronous operations in JavaScript. Syntax: Parameters Q26. What is Event Bubbling and Capturing in JavaScript ?
Events are a fundamental construct of the modern web. They are a special set of objects that allow for signaling that something has occurred within a website. By defining Event listeners, developers can run specific code as the events happen. This allows for implementing complex control logic on a web application. Q27. What are closures in JavaScript?
A closure is a feature of JavaScript that allows inner functions to access the outer scope of a function. Closure helps in binding a function to its outer boundary and is created automatically whenever a function is created. Q28. What is a callback function in JavaScript ?
A callback is a function that is passed as an argument to another function, and is called after the main function has finished its execution. The main function is called with a callback function as its argument, and when the main function is finished, it calls the callback function to provide a result. Q29. What is the use of the ‘use strict’ directive in JavaScript?
Strict Mode was a new feature in ECMAScript 5 that allows you to place a program, or a function, in a “strict” operating context. This strict context prevents certain actions from being taken and throws more exceptions Benefits of using ‘use strict’: Strict mode makes several changes to normal JavaScript semantics.  How to use strict mode
Strict mode can be used in two ways, remember strict mode doesn’t work with block statements enclosed in {} braces.  Q30. Difference between var and let in JavaScript var let Syntax: var name = value; Syntax: let name = value; Example: var websitename = “geeksforgeeks”; Example: let x = 69; Q31. What are events ?
Javascript has events to provide a dynamic interface to a webpage. These events are hooked to elements in the Document Object Model(DOM). 
These events by default use bubbling propagation i.e, upwards in the DOM from children to parent. We can bind events either as inline or in an external script. 
Syntax: Q32. What is a polyfill ?
Polyfill is a way to modify or add new functions. It is basically a piece of code to add/modify the new functions. It is used to provide modern functionality to web browsers. Q33. What is Hoisting ?
Hoisting is a concept that enables us to extract values of variables and functions even before initializing/assigning value without getting errors and this happens during the 1st phase (memory creation phase) of the Execution Context. Features of Hoisting: Note: JavaScript only hoists declarations, not initializations. Q37. How to access history in JavaScript ? History object: The history object contains the browser’s history. The URLs of pages visited by the user are stored as a stack in the history object. There are multiple methods to manage/access the history object. Methods of History object: 1. The forward() Method: This method is used to load the next URL in the history list. This has the exact functionality as the next button in the browser. There are no parameters and it will return nothing. Syntax: 2. The back() Method: This method is used to load the previous URL in the history list. This has the exact functionality as the back button in the browser. There are no parameters and it will return nothing. Syntax: 3. The go() Method: This method is used to loads a URL from the history list. Syntax: Q38. What is isNaN ? The JavaScript isNaN() Function is used to check whether a given value is an illegal number or not. It returns true if the value is a NaN else returns false. It is different from the Number.isNaN() Method. Syntax: Parameter Values: This method accepts a single parameter as mentioned above and described below: Return Value: It returns a Boolean value i.e. returns true if the value is NaN else returns false. Q39. Promise vs Callback in JavaScript Q40. What is the preventDefault() Event Method ? The preventDefault() method is used to prevent the browser from executing the default action of the selected element. It can prevent the user from processing the request by clicking the link.
Syntax: Parameters: It does not accept any parameter.
The event is used to denote the event or action by the user in the response of which the method works. Q41. How to redirect to another webpage using JavaScript ?
The window.location object stores the location or URL of the page and we can redirect into another page using this window.location. There are several methods to redirect to another webpage using JavaScript. Some of them are listed below: Syntax: Q42. How do you trim a string in javascript ?
JavaScript String trim() method is used to remove the white spaces from both ends of the given string.  Syntax: Q43. How to create multi-line strings in JavaScript ?
The multi-line strings were not supported by JavaScript 2015 but when ES6 came out and introduced string literals. The ES6 supports multi-line strings. There are various ways to handle multi-line strings if older browser support is essential. Q44. What are the arrow functions in JavaScript?
Arrow functions are anonymous functions i.e. functions without a name and are not bound by an identifier. Arrow functions do not return any value and can be declared without the function keyword. They are also called Lambda Functions. Syntax: Q45. How to set default parameter value in JavaScript functions ? In general all the JavaScript functions have a default value of undefined but we can overwrite it by specifying a particular value. This prevents breaking of the code in case of missing inputs. Q46. How to merge properties of two JavaScript objects dynamically? Using Spread Operator: Spread operator allows an iterable to expand in places where 0+ arguments are expected. It is mostly used in the variable array where there is more than 1 values are expected. It allows the privilege to obtain a list of parameters from an array. Javascript objects are key-value paired dictionaries. We can merge different objects into one using the spread (…) operator.
Syntax: Q47. What is function-scoped? Functions: Function allows us to declare & pack a bunch of code in a block so that we can use (and reuse) a block of code in our programs. Sometimes, they take some values as `parameters` to do the operation and return some value as a result of the operation. Example: Q48. Difference Between Git and GitHub Q49. What is Git stash?
Git stash: The Git stash command can be used to accomplish this if a developer is working on a project and wants to preserve the changes without committing them. This will allow him to switch branches and work on other projects without affecting the existing modifications. You can roll back modifications whenever necessary, and it stores the current state and rolls back developers to a prior state. Q50. What is tagging in Git?
Tagging in GIT refers to creating specific points in the history of your repository/data. It is usually done to mark the release points. Two main purposes of tags are: Q51. Difference Between Merging and Rebasing Git Merge Git Rebase Q52. What is “git cherry-pick”?
Cherry-picking is just like rebasing, an advanced concept and also a powerful command. It is mainly used if you don’t want to merge the whole branch and you want some of the commits. Implementation: 
Suppose a developer fails to recognize which branch he is currently on, and by mistake, he commits to another branch instead of committing that to the main branch. Now to fix it, he has to first run git show, then save the commit, then check out the main branch, apply patch there and commit with the same commit message. But all this can be done automatically by using just one command i.e. cherry-pick. Q53. Explain what is MongoDB?
MongoDB, the most popular NoSQL database, is an open-source document-oriented database. The term ‘NoSQL’ means ‘non-relational’. It means that MongoDB isn’t based on the table-like relational database structure but provides an altogether different mechanism for storage and retrieval of data. This format of storage is called BSON ( similar to JSON format).  A simple MongoDB document Structure:  Q54. MongoDB vs MySQL Q55. What is Sharding in DBMS?
Sharding is a very important concept that helps the system to keep data in different resources according to the sharding process. The word “Shard” means “a small part of a whole“. Hence Sharding means dividing a larger part into smaller parts. In DBMS, Sharding is a type of DataBase partitioning in which a large database is divided or partitioned into smaller data and different nodes. These shards are not only smaller, but also faster and hence easily manageable. Q56. What is use of capped collection in MongoDB?
Capped collections are fixed-size collections means when we create the collection, we must fix the maximum size of the collection(in bytes) and the maximum number of documents that it can store. After creation, if we try to add more than documents to their capacity, it overwrites the existing documents. We create the capped collections using the createCollection() method in MongoDB. When we create a new capped collection, we must specify the maximum size of the collection in bytes, which will MongoDB pre-allocate for the collection. The size of the capped collection contains a small amount of space for the internal overhead and if the value of the size field is less than or equal to 4096, then the capacity of the collection is 4096 bytes. Syntax: db.createCollection(<name>, {capped: <boolean>, autoIndexId: <boolean>, size: <number>, max: <number>, storageEngine: <document>, validator: <document>, validationLevel: <string>, validationAction: <string>, indexOptionDefaults: <document>, viewOn: <string>, pipeline: <pipeline>, collation: <document>, writeConcern: <document>}) Q57. Strategies For Migrating From SQL to NoSQL Database
Migrating from a SQL database to a NoSQL database can be a complex process, but there are several strategies that can be used to make the transition smoother. Here are some common strategies for migrating from SQL to NoSQL: Q58. What are the CRUD operations of MongoDB?
As we know that we can use MongoDB for various things like building an application (including web and mobile), or analysis of data, or an administrator of a MongoDB database, in all these cases we need to interact with the MongoDB server to perform certain operations like entering new data into the application, updating data into the application, deleting data from the application, and reading the data of the application. MongoDB provides a set of some basic but most essential operations that will help you to easily interact with the MongoDB server and these operations are known as CRUD operations The create or insert operations are used to insert or add new documents in the collection. If a collection does not exist, then it will create a new collection in the database. You can perform, create operations using the following methods provided by the MongoDB: Q59. What is the Aggregation in MongoDB?
In MongoDB, aggregation operations process the data records/documents and return computed results. It collects values from various documents and groups them together and then performs different types of operations on that grouped data like sum, average, minimum, maximum, etc to return a computed result. It is similar to the aggregate function of SQL. MongoDB provides three ways to perform aggregation Q60. What is limit() method in MongoDB ? 
 In MongoDB, the limit() method limits the number of records or documents that you want. It basically defines the max limit of records/documents that you want. Or in other words, this method uses on cursor to specify the maximum number of documents/ records the cursor will return. We can use this method after the find() method and find() will give you all the records or documents in the collection. You can also use some conditions inside the find to give you the result that you want. Syntax: or Q61. What are Pure Components?
In simple words, If the previous value of state or props and the new value of state or props is the same, the component will not re-render itself. Since Pure Components restricts the re-rendering when there is no use of re-rendering of the component. Pure Components are Class Components which extends React.PureComponent. Q62. What is JSX?
JSX is basically a syntax extension of JavaScript. It helps us to write HTML in JavaScript and forms the basis of React Development. Using JSX is not compulsory but it is highly recommended for programming in React as it makes the development process easier as the code becomes easy to write and read. Let us see a sample JSX code: Q63. What is state in React?
The state in React is an instance of React Component Class that can be defined as an object of a set of observable properties that control the behavior of the component.In other words, the State of a component is an object that holds some information that may change over the lifetime of the component. Q64. What are props in React?
React allows us to pass information to a Component using something called props (which stands for properties). Props are objects which can be used inside a component. Q65. Why we use synthetic events in ReactJS ?
In ReactJS, there are events by which user uses to interact with an application UI. React listens to events at the document level, after receiving events from the browser, React wraps these events with a wrapper that has a similar interface as the local browser event, which helps us to use methods like preventDefault(). Benefits of using synthetic events: Q65. What is the use of refs?
Refs are a function provided by React to access the DOM element and the React element that you might have created on your own. They are used in cases where we want to change the value of a child component, without making use of props and all. They have wide functionality as we can use callbacks with them.  Refs can be created using React.createRef() function and attached it with the React element via the ref attribute. When a component is constructed the Refs are commonly assigned to an instance property so that they can be referenced in the component.  Q66. What is children prop?
The important thing to note here is that children are a special prop that is used to pass the data from the parent component to the children component but this data must be enclosed within the parent’s opening and closing tag. Q67. Why is NodeJS Single threaded?
Applications built on the top of node.js use Single Threaded Event Loop Model architecture to handle multiple concurrent clients like JSP, Spring MVC, ASP.NET, HTML, Ajax, jQuery, etc. are other web technologies that can be used rather than node.js but these listed technologies follow “Multi-Threaded Request-Response” architecture to handle multiple concurrent clients. Single thread: Node JS Platform doesn’t follow the Multi-Threaded Request/Response Stateless Model. It follows the Single-Threaded with Event Loop Model. Node JS Processing model mainly inspired by JavaScript Event-based model with JavaScript callback mechanism. Because of which Node.js can handle more concurrent client requests with ease. Q67. Explain the usage of a buffer class in Nodejs?
The Buffer class in Node.js is used to perform operations on raw binary data. Generally, Buffer refers to the particular memory location in memory. Buffer and array have some similarities, but the difference is array can be any type, and it can be resizable. Buffers only deal with binary data, and it can not be resizable. Each integer in a buffer represents a byte. console.log() function is used to print the Buffer instance. Methods to perform the operations on Buffer: Q68. What is the role of async_hooks module in nodejs?
Async_hooks module is used because it provides an API to register callbacks tracking the lifetime of asynchronous resources created inside a Node.js application. Features: Q69. Explain REPL In NodeJs?
 Node.js is an open source server-side JavaScript run-time environment built on Chrome’s JavaScript Engine(V8). Node.js is used for building fast and scalable applications and is an event driven, non-blocking I/O model. REPL (READ, EVAL, PRINT, LOOP) is a computer environment similar to Shell (Unix/Linux) and command prompt. Node comes with the REPL environment when it is installed. System interacts with the user through outputs of commands/expressions used. It is useful in writing and debugging the codes. The work of REPL can be understood from its full form: Read : It reads the inputs from users and parses it into JavaScript data structure. It is then stored to memory.
Eval : The parsed JavaScript data structure is evaluated for the results.
Print : The result is printed after the evaluation.
Loop : Loops the input command. To come out of NODE REPL, press ctrl+c twice Q70. What is a V8 Engine in NodeJS?
V8 is a C++-based open-source JavaScript engine developed by Google. It was originally designed for Google Chrome and Chromium-based browsers (such as Brave) in 2008, but it was later utilized to create Node.js for server-side coding. In reality, JSON-based No-SQL databases like Couchbase and the widely used MongoDB use the V8 engine. V8 also powers Electron, a prominent desktop application framework, and Demo, the latest server-side runtime environment. Q71. What Is EventEmitter In NodeJs?
Node.js uses events module to create and handle custom events. The EventEmitter class can be used to create and handle custom events module.
The syntax to Import the events module are given below: Syntax: All EventEmitters emit the event newListener when new listeners are added and removeListener when existing listeners are removed.  Q72. What is meant by Collections in Java?
Any group of individual objects which are represented as a single unit is known as a collection of objects. In Java, a separate framework named the “Collection Framework” has been defined in JDK 1.2 which holds all the collection classes and interface in it. In Java, Collection interface (java.util.Collection) and Map interface (java.util.Map) are the two main “root” interfaces of Java collection classes. Q73. What is the life-cycle of a servlet?
The entire life cycle of a Servlet is managed by the Servlet container which uses the javax.servlet.Servlet interface to understand the Servlet object and manage it. So, before creating a Servlet object, let’s first understand the life cycle of the Servlet object which is actually understanding how the Servlet container manages the Servlet object. Q74. What is an iterator?
Iterators in Java are used in the Collection framework to retrieve elements one by one. It is a universal iterator as we can apply it to any Collection object. By using Iterator, we can perform both read and remove operations Q75. What is Entity Bean?
Enterprise Java Beans (EJB) is one of the several Java APIs for standard manufacture of enterprise software. EJB is a server-side software element that summarizes business logic of an application. Enterprise Java Beans web repository yields a runtime domain for web related software elements including computer reliability, Java Servlet Lifecycle (JSL) management, transaction procedure and other web services. The EJB enumeration is a subset of the Java EE enumeration. Q76. java.util.concurrent Package
Java Concurrency package covers concurrency, multithreading, and parallelism on the Java platform. Concurrency is the ability to run several or multi programs or applications in parallel. The backbone of Java concurrency is threads (a lightweight process, which has its own files and stacks and can access the shared data from other threads in the same process). The throughput and the interactivity of the program can be improved by performing time-consuming tasks asynchronously or in parallel. Q77. What is the difference between put and patch? PUT Q78. What is docstring in Python?
Python documentation strings (or docstrings) provide a convenient way of associating documentation with Python modules, functions, classes, and methods. It’s specified in source code that is used, like a comment, to document a specific segment of code. Q79. Difference between List and Array in Python List Array Can consist of elements belonging to different data types Only consists of elements belonging to the same data type No need to explicitly import a module for the declaration Need to explicitly import the array module for declaration Cannot directly handle arithmetic operations Can directly handle arithmetic operations Preferred for a shorter sequence of data items Preferred for a longer sequence of data items Greater flexibility allows easy modification (addition, deletion) of data Less flexibility since addition, and deletion has to be done element-wise Q80. Difference Between Pickling and Unpickling in Python Serialization process that converts a Python object into a binary representation. Deserialization process that converts a binary representation back into a Python object. Allows objects to be stored in a file or transmitted over a network. Retrieves objects from a stored file or received data. Uses the pickle.dump() function to write objects to a file or a stream. Uses the pickle.load() function to read objects from a file or a stream. Objects are converted into a binary format that is not human-readable. The binary format is converted back into Python objects, which can be used in Python code. Supports serialization of complex objects, including custom classes, functions, and data structures. Supports deserialization of complex objects, including custom classes, functions, and data structures. Q81. Python program to split and join a string
Python program to Split a string based on a delimiter and join the string using another delimiter. Splitting a string can be quite useful sometimes, especially when you need only certain parts of strings. A simple yet effective example is splitting the First-name and Last-name of a person. Another application is CSV(Comma Separated Files). We use split to get data from CSV and join to write data to CSV. In Python, we can use the function split() to split a string and join() to join a string. For a detailed articles on split() and join() functions, refer these : split() in Python and join() in Python Examples:  Are you feeling lost in OS, DBMS, CN, SQL, and DSA chaos? Our Complete Interview Preparation Course is your solution! Trusted by over 100,000+ Geeks, it covers all essential topics, ensuring you're well-prepared for technical challenges. Join the ranks of successful candidates and unlock your placement potential. Enroll now and start your journey to a successful career! "
Pinterest,Blockchain Engineer,"['https://medium.com/pinterest-engineering/what-its-like-to-interview-at-pinterest-e40f05a018f9', 'https://www.glassdoor.co.in/Interview/Pinterest-Software-Engineer-Interview-Questions-EI_IE503467.0,9_KO10,27.htm']","Error: Message: stale element reference: stale element not found in the current frame
  (Session info: chrome=131.0.6778.69); For documentation on this error, please visit: https://www.selenium.dev/documentation/webdriver/troubleshooting/errors#stale-element-reference-exception
Stacktrace:
#0 0x5a87b7faf4ca <unknown>
#1 0x5a87b7ac2620 <unknown>
#2 0x5a87b7ac83e3 <unknown>
#3 0x5a87b7aca8a8 <unknown>
#4 0x5a87b7aca933 <unknown>
#5 0x5a87b7b0bac2 <unknown>
#6 0x5a87b7b35372 <unknown>
#7 0x5a87b7b05938 <unknown>
#8 0x5a87b7b3553e <unknown>
#9 0x5a87b7b53de0 <unknown>
#10 0x5a87b7b35113 <unknown>
#11 0x5a87b7b03be0 <unknown>
#12 0x5a87b7b04bbe <unknown>
#13 0x5a87b7f7be4b <unknown>
#14 0x5a87b7f7fde2 <unknown>
#15 0x5a87b7f68d2c <unknown>
#16 0x5a87b7f80957 <unknown>
#17 0x5a87b7f4e4bf <unknown>
#18 0x5a87b7f9e348 <unknown>
#19 0x5a87b7f9e510 <unknown>
#20 0x5a87b7fae346 <unknown>
#21 0x7d11d9dcdac3 <unknown>
                                                                                         Copyright © 2008-2024. Glassdoor LLC. ""Glassdoor,"" ""Worklife Pro,"" ""Bowls,"" and logo are proprietary trademarks of Glassdoor LLC. "
Zoom,Big Data Engineer,"['https://www.glassdoor.co.in/Interview/Zoom-Video-Communications-Data-Engineer-Interview-Questions-EI_IE924644.0,25_KO26,39.htm', 'https://www.interviewquery.com/interview-guides/zoom-data-engineer']","                                                                                             Copyright © 2008-2024. Glassdoor LLC. ""Glassdoor,"" ""Worklife Pro,"" ""Bowls,"" and logo are proprietary trademarks of Glassdoor LLC.  Back to Zoom Video Communications Getting ready for an Data Engineer interview at Zoom? The Zoom Data Engineer interview span across 10 to 12 different question topics. In preparing for the interview: Interview Query regularly analyzes interview experience data, and we've used that data to produce this guide, with sample interview questions and an overview of the Zoom Data Engineer interview. Average Base Salary View the full Data Engineer at Zoom Video Communications salary guide Typically, interviews at Zoom vary by role and team, but commonly Data Engineer interviews follow a fairly standardized process across these question topics. We've gathered this data from parsing thousands of interview experiences sourced from members. Practice for the Zoom Data Engineer interview with these recently asked interview questions. Write a query to get the largest salary of any employee by department Write a function to select only the rows where the student's favorite color is green or red and their grade is above 90. Get our subscriber-only content. Dive Deeper, learn smarter, and make your interview prep count. "
Slack,Cybersecurity Analyst,"['https://www.glassdoor.co.in/Interview/Slack-Software-Engineer-Interview-Questions-EI_IE950758.0,5_KO6,23.htm', 'https://builtin.com/articles/slack-interview-questions']","                                                                                              Copyright © 2008-2024. Glassdoor LLC. ""Glassdoor,"" ""Worklife Pro,"" ""Bowls,"" and logo are proprietary trademarks of Glassdoor LLC.  Want to know what to expect during an interview at Slack? We’ll fill you in with tips from hiring managers at the software company. Looking to ace a software engineering job interview at Slack? Here’s a cheat sheet to ease your jitters.  Frances Coronel vividly remembers her job interview at Slack and despite her initial nervousness she successfully navigated the process and landed a job there in 2018, she told Built In. And although she moved on to Byteboard earlier this year as a senior software engineer, she remains willing to help other software engineers ace their Slack interviews too. Here’s a list of behavioral and technical questions that Coronel told Built In she encountered during her Slack interview. Pro tip: You can find additional questions other software engineers have faced during their Slack interviews on the company’s Glassdoor posts.   Behavoral job interview questions play a big role during the interview process at Slack.  Job candidate’s perspective: Even though you might have a prepared answer, it’s best to pull out an example that really ties into the role’s responsibilities. You’ll want to show an awareness of the conflict at hand and how you addressed it. “With engineering, there are technical trade-off discussions,” Coronel said. What an engineering hiring manager is actually evaluating: “I’m really looking for a self-awareness that something is happening, where a person says, ‘Here’s a conflict between my teammates, my colleagues, and let me lean into it and understand how the other person is perceiving the situation.’ They should have the mentality to say we’re a team and teammates and we all want the same outcome at the end of the day, which is the company to be successful,” Rod Garcia, senior director of engineering at Slack, told Built In.   Job candidate’s perspective: Slack’s values include courtesy, solidarity and empathy. Coronel was cognizant of Slack’s values as she responded to the behavioral questions, feeling her answers may be gauged against those values, she said.  What an engineering hiring manager is actually evaluating: “The two most important things about behavioral questions are to see how you approach conversation to communicate and collaborate and the second component is what you learn from your experiences or processes. What are your takeaways? For me, these two things are the most important,” Garcia said. MORE ON CAREER DEVELOPMENT
How to Build a Career in Responsible Tech   You’ll face a number of technical job interview questions at Salesforce-owned Slack, but one thing you won’t face is a traditional whiteboard test where you stand alone before the board to code, according to Slack’s job interview process guide for engineers. Instead, you’ll face questions like these.   Job candidate’s perspective: “They’ll ask you to walk them through your take-home project and go through the decisions that you made and why you made them,” Coronel said. “Because my focus was going to be on the front-end, I tried to put my focus on performance, usability, as well as accessibility.” What an engineering hiring manager is actually evaluating: “There are different ways to communicate. So, what I am really looking for is how the candidate approaches feedback, can offer feedback and suggestions for improvement, and point out areas that can perhaps be done differently. I strongly believe that software, in general, is all about collaboration and communication,” Garcia said. He continued: “There are two things that play out in the technical dimension of the take-home exercise. The ability for the candidate to technically understand the problem but also how do they communicate? How do they propose solutions to flaws or things that can be done a little better? How do they communicate their point of view? This second part is just as important as the technical part.”   Job candidate’s perspective: This question gives a candidate an opportunity to show a prospective employer what they’d like to explore and focus on in their role, Coronel said. What an engineering hiring manager is actually evaluating: “I really like this question, because I think it’s really important for anyone interviewing at any job to understand two things. One is if you’re a fit for the organization and two if the organization is one you would be happy at,” Garcia said. “It’s really important for us to talk about a normal work day like how you work every day within a product, within a feature? That will probably translate into complete design conversations with teammates, right? How will this product or systems be put in place? Which databases or which patterns do we use? That’s normal everyday conversations we have at any technology organization,” he continued  “Then, how will you craft a solution? Normally, folks have different workflows and different processes for this, but for sure you will collaborate with others. Having back and forth communication is as important as the solution. Having a question that is closest to a normal work day is beneficial to the candidate to give them the sense to measure the organization they are interviewing with to see if it’s a good fit for them,” he said. MORE ON JOB SEARCHING
Unclear Job Description? Here’s What You Should Do.   Job candidate’s perspective: When asked this question, Coronel worked with another engineer to discuss approaches and solutions, she said. It was a tricky problem and one where Coronel felt the goal of the interviewer was to hear her thought process as she thought things through, rather than coming up with a right answer. What an engineering hiring manager is actually evaluating: “You might get asked questions and are confused for a second. My recommendation is to really clarify the point of the requirements. What is the goal of the conversation? Engage in a conversation with the interviewer. Ask the interviewer to tell you more to clarify the product requirements, the technical requirements and offer your thoughts as a candidate on the different areas or alternatives you can go,” Garcia said.  He added: “But ask the interviewer which of these would help them the most or what they are most interested in knowing and that will help the interviewer define the path to help them evaluate the interview. This has always worked out really well in my experience.”    "
Cisco,Systems Architect,"['https://www.glassdoor.co.in/Interview/Cisco-Solutions-Architect-Interview-Questions-EI_IE1425.0,5_KO6,25.htm', 'https://www.geeksforgeeks.org/cisco-interview-experience-for-experienced/']","                                                                                             Copyright © 2008-2024. Glassdoor LLC. ""Glassdoor,"" ""Worklife Pro,"" ""Bowls,"" and logo are proprietary trademarks of Glassdoor LLC.  CISCO Java and spring boot  interview experience for 2+ years experience There were total 5 rounds Summery Role: Java + Angular full stack developer. Applied from LinkedIn, after that received Hackerrank test link and was required to finish it in the next 48 hours. After completing the online test, HR called and explained about next steps. those are as follows, There will be 3 rounds, the first round will be the general tech round without your CV. The second round will be a tech round based on your CV. If you perform well in any of these two rounds then you will be sent to 3rd round. The third round will be the tech + managerial round. Note: All rounds will be on a single day and those will be continuous, giving 10min breaks in between two rounds. My interview started at 11 AM and all three rounds ended at around 1:45 PM (HR discussion was on a different day) all were around 1hr long Round 1: Hackerrank online coding test Round 2: Technical Round 1 Round 3: Technical Round 2 I didn’t know about it. So I directly told that since I have not worked on such similar cases I am not aware of it. Round 4: Managerial Round + Technical Round Round 5: HR discussion Verdict: Received offer Tips: All the best. The skill of standing out online is needed more than ever in today's digital world. Whether to become a young marketer or grow one's brand, it is most important to learn digital marketing concepts. With our Digital Marketing Live Training Program, you can do all that, right in line with what any willing student needs. The course focuses on hands-on training in SEO, Social Media, and Content Marketing. Build the skills to make a difference in creating campaigns and driving accurate results. Set trends, not follow them. Enroll now and dominate the digital world! M "
Adobe,Technical Writer,"['https://www.glassdoor.co.in/Interview/Adobe-Junior-Technical-Writer-Interview-Questions-EI_IE1090.0,5_KO6,29.htm', 'https://www.geeksforgeeks.org/adobe-interview-experience-set-23-1-year-experienced/']","                      Copyright © 2008-2024. Glassdoor LLC. ""Glassdoor,"" ""Worklife Pro,"" ""Bowls,"" and logo are proprietary trademarks of Glassdoor LLC.  I recently interviewed at Adobe, Noida office and got the offer. I had 1-year work experience. It was a standard process comprising of an aptitude and technical test on Hackerrank. It’s the same every time. You can have a look at the test in previous archives. Interviews at Noida Office   Gave an answer using the difference in length of LLs and wrote the code which handled all the cases. Note. Make sure you write code which handles all the test cases especially the boundary ones.  Solved it using basic pythagoras theorem. It was weird that he asked only one question. This round was a tricky one.   He then asked me about how we heapify individual elements, etc. and how heap sort works. Basically, he wanted me to answer that we do not heapify elements from (n-1)/2 till n which decreases the time complexity from nlogn which I answered in the end. Where does b point to? Now this question was related to Big endian and little endian as in he wanted me to ask if the architechture is little endian or big endian. I told him I did not know about this. After this question, I told him that I am from Mechanical background and I did not know much about computer architecture. He was a little shocked and skipped the OS questions. Lucky me!!! Gave the algorithm using XOR. First gave the approach using Heap. Put all the elements of an array in a min heap and extract k times. But he was interested in a better approach. Answered using a quick select algorithm (modified quicksort). He told me there is a more optimized approach to the selection of pivot elements using order statistics. I did not know the order statistics method but he was quite satisfied with the basic quick select algorithm. I wrote basic linear search code. Then he asked me how do you minimize the number of comparisons. In the end he asked me if I had any questions regarding the role and all. I would like to take a moment and thank GeeksforGeeks for helping me in my interview preparation. Cheers to you guys!!!  Are you feeling lost in OS, DBMS, CN, SQL, and DSA chaos? Our Complete Interview Preparation Course is your solution! Trusted by over 100,000+ Geeks, it covers all essential topics, ensuring you're well-prepared for technical challenges. Join the ranks of successful candidates and unlock your placement potential. Enroll now and start your journey to a successful career! "
Oracle,UX/UI Designer,"['https://prepfully.com/interview-questions/oracle/ux-designer', 'https://www.ambitionbox.com/interviews/oracle-interview-questions/ui-or-ux-designer', 'https://www.glassdoor.co.in/Interview/Oracle-UX-Designer-Interview-Questions-EI_IE1737.0,6_KO7,18.htm']","Products Resources Your AI Wingman for your next interview Search Oracle Airbnb Akamai First, I have worked on several projects in the insurance industry. So I understand very well how insurance companies work and what they need for their designs. Oracle Amazon Web Services Atlassian My extensive experience in advanced problem-solving and architectural design equips me with the technical expertise needed for a senior software engineer role. I excel in backend development, having successfully led projects that involved optimizing large-scale systems and designing scalable architectures. My leadership skills are demonstrated through my ability to guide cross-functional teams and mentor junior engineers, fostering collaboration and ensuring alignment with project goals. Clear communication and strategic thinking are central to my approach, allowing me to articulate complex technical concepts and make informed decisions that balance immediate needs with long-term objectives. I am committed to continuous learning and adaptability, staying abreast of industry trends and applying innovative solutions to overcome challenges. My focus on quality and efficiency drives me to deliver reliable, high-performance software while optimizing workflows and processes. Oracle Canva eBay                                  Oracle Adidas Akamai Effective workload management for me involves strategic delegation and a focus on skill development. I start by assessing the skills and strengths of each team member and delegate tasks accordingly, ensuring that each task is matched with the right expertise. This not only optimizes productivity but also helps in developing the team's capabilities. Oracle Airbnb American Express nnnn Oracle Activision Blizzard Airbnb Oracle Airbnb Apple Oracle Apple Booking.com Oracle Audible Capital One Oracle Airbnb Apple Firstly, I would like to review my role in this setup, Am I the meeting organiser? Does this person report to me? Is this person critical for this meeting?   🔥 Perfect Match Talk to a Senior UX Designer at Google 7 yrs Experience 4.96 Rating 83 Sessions 87.9% Rebooked Check Coach Profile 🔥 Perfect Match Talk to a Senior UX Designer at Meta 7 yrs Experience 4.96 Rating 83 Sessions 87.9% Rebooked Check Coach Profile 🔥 Perfect Match Talk to a Senior UX Designer at Apple 9 yrs Experience 4.92 Rating 42 Sessions 86.27% Rebooked Check Coach Profile We'll send you a weekly question to practice for: Showing results 1 to 10 *All interview questions are submitted by recent Oracle UX Designer candidates, labelled and categorized by Prepfully, and then published after being verified by UX Designers at Oracle. © 2024 Prepfully. All rights reserved.  The webpage at https://www.ambitionbox.com/interviews/oracle-interview-questions/ui-or-ux-designer might be temporarily down or it may have moved permanently to a new web address.                                                                                              Copyright © 2008-2024. Glassdoor LLC. ""Glassdoor,"" ""Worklife Pro,"" ""Bowls,"" and logo are proprietary trademarks of Glassdoor LLC. "
GitHub,Game Developer,"['https://www.glassdoor.co.in/Interview/GitHub-Interview-Questions-E671945.htm', 'https://www.glassdoor.co.in/Interview/GitHub-Software-Engineer-Interview-Questions-EI_IE671945.0,6_KO7,24.htm', 'https://github.com/utilForever/game-developer-interview-question/blob/main/README.md']","                                                                                                     Copyright © 2008-2024. Glassdoor LLC. ""Glassdoor,"" ""Worklife Pro,"" ""Bowls,"" and logo are proprietary trademarks of Glassdoor LLC.                                                                                                Copyright © 2008-2024. Glassdoor LLC. ""Glassdoor,"" ""Worklife Pro,"" ""Bowls,"" and logo are proprietary trademarks of Glassdoor LLC.    A list of helpful game developer related questions you can use to interview potential candidates."
Asana,IoT Engineer,"['https://www.glassdoor.co.in/Interview/Asana-Software-Engineer-Interview-Questions-EI_IE567443.0,5_KO6,23.htm', 'https://news.ycombinator.com/item?id=11376638']","                                                                             Copyright © 2008-2024. Glassdoor LLC. ""Glassdoor,"" ""Worklife Pro,"" ""Bowls,"" and logo are proprietary trademarks of Glassdoor LLC.  I mean, it's bad enough to ask questions you know don't really relate to the sorts of problems you have to solve, but to implicitly admit it, -and- to also acknowledge that it isn't something you expect people to have off the top of their head by providing a study guide? What are you trying to measure?  That's exactly how the top management consulting firms operate their recruiting process. McKinsey even has a webinar for how to prepare for their interview and exactly what category of questions will be asked. The webinar is run by current associates. Their recruiting works pretty darn well.  When the goal is to get people that actually solve problems ymmv. Btw. that is not a dig against management consultants. I honestly think the world needs bullshit.  Did you look at the guide? I don't see anything you would be motivated to cram after reading through that other than to brush up on the ""usual suspects"" of data structures, but you should be doing that before any technical interview anyways IMO. Seems like the guide is mostly intended to give candidates an idea of what to expect during their interview.  Read through technical interview prep resources HackerRank and Interviewing.io are good places to start. We’re also fans of InterviewCake’s Coding Interview Tips. I.e., ""here, go study and cram for your quiz"". If you expect people to know the data structures and algorithms off the top of their heads (because you believe that to be useful), then why tell them to prep? That's what boggles my mind. Technical interviews relying on data structure and algorithmic questions started with a few companies (primarily Google) thinking it was a good way to gauge how strong a candidate was. For their purposes, it might have been. But as other companies started to cargo cult it (despite their businesses requiring far less algorithmic work), a cottage industry of interview prep sprung up (Cracking the Coding Interview, various sites intended to help you practice, etc). And since that then raised the bar (you were now competing against people who were -explicitly preparing- for these kinds of questions, and frequently would have seen the exact question they're being asked, or one akin to it), companies, such as Asana, decided ""Okay, to be fair to everyone, we need to warn them that we're asking these kinds of questions and so they should prepare well in advance for them"". Or...you could take a good hard look to decide if that's the skillset that is really important in your hires. If it is, you can probably give them legitimate business questions (which to be fair, Asana might do), as it will cover some of the same basics, but then giving the candidate access to Google, and access to querying and digging and figuring out how best to solve it might be a better gauge of their ability to solve those problems in the real world (unless for some reason they're going to be developing without access to technical resources and the internet). Or, you might find that your business actually requires people able to solve different problems, where implementing fisher yates is not the key technical deliverable, and so you can instead ask those kinds of questions, and see who can solve them based on what they know, and what they think to ask you during the interview.  For me, the real meat of that section was in the 2nd and 3rd bullets! The 2nd bullet is telling people to reflect on their experiences and come prepared to discuss. This may be a no-brainer for some, but for those who don't have a lot of interview experience, I suspect it's easy to get caught up with the ""what should I know"" mentality and forget to spend a little time reconstructing the interesting projects and situations that they've navigated in your career. For most of us, only the most recent stuff tends to be fresh in our minds. The 3rd bullet emphasizes that you should come prepared to evaluate them. Again, perhaps a no-brainer for most experienced candidates, but it's nice to see the interviewers acknowledging that this is a two-way evaluation and encouraging candidates to be sure they're making the right choice. While it's unusual for candidates to show up unprepared for technical questions, I've seen many candidates show up completely unprepared to discuss their experiences or ask questions that will help them evaluate the position/team/company/manager.    I think that most people need to do that to go through the normal interview today, but that it's bullshit and a symptom of how shitty interviews are.       I was using a string builder to eat the input as I had parsed it... but I got an error on submitting my result - it gave ""unexpected termination"" even when I had replicated the ""unexpected termination"" error with a custom test case and caught the error - I still got an unexpected termination error when submitting - sigh - maybe it's related to using C# for the challenge... overall not so hard though...  What makes you think they are asking questions they know don't really relate to the sorts of problems you have to solve?   > Our goal is not to simulate day-to-day software development You don't mean at all, you mean in its entirety (so you are leaving out the aspects you are less interested in, like reading stack overflow, and emphasizing the aspects you are more interested in, like reasoning about data structures). I think a lot of people on HN are getting hung up on that sentence, honestly. Thanks for the guide, though, considering something similar for Justworks.    If you got in with cramming, you very likely would have gotten in without. Not to mean otherwise; one should definitely prepare for the process, because interviews are competitive. There is no worthwhile competition on the planet where you would go without preparation. It is almost insulting to the ecosystem if you don't prepare. But preparation is not cramming. Depending on your level of practice, you may end up memorizing some things, but that is different from cramming to ""beat the process"". I make these observations based on my experience as someone who runs a successful bootcamp for interview prep (http://interviewkickstart.com) and being an early engineer and a hiring manager (Director of engineering) at Box prior to that. We have seen that candidates who prepare well with the right mindset, are at a distinct advantage over those who don't. And those are also often the right candidates. If you are working on an important goal, I, as an engineering manager, want you to have prepared for it. Interviews/job are just another goal, and it better be important for you that you want a job here. Hope this helps; not a popular perspective, but closer to reality in my experience.   1) Open-source, or otherwise public, contributions. 2) Real-world take-home assignments. I've opted out of interviewing people because it's such a miserable experience. I guess I'm just not a sadist that enjoys watching some poor 22-year old squirm in his chair because he can't remember what the upper bound on the insert operation of a red-black tree is. What a joke.  However, I will offer you some Interview Candidate Self Defense, which I'll repeat from something I yelled on Twitter a few weeks ago: If interviewers ask you about bounds for data structures, pick a fight with them over hash table complexity. If they believe it's O(1), argue it's worst case O(n). If they want you to say worst case O(n), argue that it's in the real world always O(1). It doesn't matter which is right, because these kinds of questions aren't about technology, they're about status signaling. Be the alpha nerd! As a bonus: interviewers are evaluating you for X-factors like ""confidence"". You know who never got dinged in an interview for lacking ""confidence""? The person who yelled at the interviewer about hash table complexity.      https://en.wikipedia.org/wiki/Balls_into_bins This reference from the wiki is good http://www14.in.tum.de/personen/raab/publ/balls.pdf  Of course, a well-informed discussion of hash table complexity would be pretty fun to hear from a candidate. It's always great when I learn something new in an interview.   I think you're interviewing with the wrong people, or at the wrong places. Way too many people treat interviewing as a way of demonstrating intelligence via computer science trivial pursuit. 5 minutes with Google will demolish 99% of the questions you might ask if all you care about is getting correct code on the board. The interesting part is the process and discussion the code creates, not whether or not they know the secret handshake.   That said, there are places that don't interview the way you describe. I'm equally sure there are places that do (I vividly remember my Dropbox interview). My hope has always been that Darwin's Law will apply to such places over the long run, but instead I think what actually happens is that as these organizations grow the interview process just ends up being a diluted version of the same BS, which translates into ""lowering the bar."" Nevermind that your bar was curvier than Lombard Street.  They did and that's the problem ;)  Make sure you're considering what the workday environment is like (something you can usually tell from the prep materials or discussions with recruiters) and acting the way you think you'd act in that environment.  In the case that all your keys have the same hash, right?     Too clever by half.    Those interested in non-applicable CS problems would probably love Asana. Although I'm not sure how any of this relates to a pretty basic project management app.   To be honest, it was more usable when it was just released. The simplicity was one of the strong points.  I've actually used their product, and I'm in the same boat as you because of it.    But: > Lol: ""Hashes, sets, heaps, binary trees, linked lists, all the usual suspects."" Yeah, I spend most of my time fiddling with binary trees and hashes at the office, said no one ever. Actually, I spent a lot of time with stuff like that. And I'm certainly not alone. And a lot of the problems I deal with is where people haven't thought about algorithmic problems (complexity, constant factors like latency, cache efficiency, ...). Now you can certainly argue that that's not the case for most SV jobs. And that you can re-train a lot of that on the job. And I'd agree to a good degree. But I think ridiculing the importance of such topics just mirrors the mistake the of the interviewing side.  There are a lot of people agreeing with you so I guess I'm just the outlier here but I don't see why you would not want people to know about hashmaps/binary trees. Sure we don't normally have to implement them ourselves but I imagine most people use them all the time. Balanced binary trees are often used to implement Maps/Sets so by knowing what the time/space complexity of operations on them you should know how they behave. Knowing them off the top of your head also makes it easy to compare them to choose the optimal data structure for whatever it is you are doing. I agree that open source or take home assignments are great for seeing how cleanly someone can code and perhaps this is not emphasized enough with our current interview ""culture"" but I don't think the other extreme of completely ignoring algorithms is a good idea either.  I don't see any virtue in knowing in-depth complexity analysis of any data structure off the top of your head. Sure, it's probably important to know that random access is faster in a hash map than a linked list, but generally questions are much more algorithmically in-depth. With that said, I know many people that would disagree with me and I think they are categorically wrong. Writing code is about building robust and scalable things. This involves planning and execution. Frankly, I don't think ""tricky"" algorithmic interview questions address either of those two. And whatever, obviously to get a six-figure job (as I'm sure most people in this thread have), you need to drink the Kool-aid. But I'm not going to sit here and perpetuate this nonsense. Like I said, I don't even like interviewing people because it's expected of me to find annoying little logic or algorithmic puzzles that some poor guy or girl will struggle to solve.  On the other hand, I don't feel like knowing the time/space complexity of data structures you would normally encounter in day to day coding to be ""tricky"". I wouldn't expect people to know about suffix trees or segment trees for example. > Writing code is about building robust and scalable things. This involves planning and execution. I completely agree! But I would argue that's why it's important to know your common data structures because otherwise how can you plan? I do find most interviews awful because of the time pressure which is completely unrealistic. On the other hand, if I'm looking at code my coworker wrote and ask them why they decided to use an array instead of a linked list, I would hope they have an answer.  Was expecting to then see a list of specific resources that a candidate could use to become prepared and confident. Instead, the guide provides a high-level overview of ""algorithms"", ""data structures"", and ""modeling"" and refers me to ""HackerRank and Interviewing.io"" for tips on how to prepare. This seems like it could be improved. You value learning -- so give candidates something to learn and see if they can do it. > Our goal is not to simulate day-to-day software development — where we read docs and write lots of tests! I feel very confident in doing day-to-day software development. I do not feel as confident speaking about abstract hypotheticals in front of a whiteboard.  Great idea! Took a task to add more resources to learn from to the doc. > I feel very confident in doing day-to-day software development. I do not feel as confident speaking about abstract hypotheticals in front of a whiteboard. Hmm, the way we framed that is confusing. Thanks for the feedback! To be sure, our goal is to accurately assess what your day-to-day contributions would be like, and simulation is a really good way of eliminating accidental bias in that process. To that end, we do have every engineer submit actual code during the interview process, and we generally avoid white-board programming in favor of higher-level discussions (that may also use the whiteboard). But perfect simulation is possible (and time-consuming), so we've tried to focus on the higher order bits.   - TypeScript web code - Using React - Connecting to a custom, to-be-opensourced reactive datastore written in Scala called LunaDb: https://blog.asana.com/2015/05/the-evolution-of-asanas-luna-... - Using to Amazon RDS (hosted MySQL) and Redis as our primary backing stores - Running on top of kubernetes, docker, AWS  The first sentence is not far off from what their process is. My interviews with them were composed of one helpful database problem, after which they explained how they designed their production database, followed by a bunch of frivolous algorithms problems. I did not receive an offer from them, so take what I say with a grain of salt. Asana seemed like a company that has some great engineers, and runs well in general. I would, however, like to provide some constructive criticism for their interview process. 1. Their engineers can use some training on how to interview. Several of them came into the room noticeably anxious. Hearing what the problems were was easy, but communication was very difficult when it came to figuring out what kind of answer they were actually looking for. 2. The questions they use are very academic, which to me means they are mental exercises lacking practical grounding. As an interviewer, it's very uninspiring to have to solve academic problems without getting a peak into the business' real problems. 3. The whole process wasted way too much time. Obviously I wouldn't have cared as much if they had given an offer, but I think it's important to be conscious of this nonetheless. My suggestion would be to pick topics for interviewers to cover, and cut out the repetition of the problems. Plan a process that will lead to a decision with one shorter visit, be respectful of peoples' time. I hope that helps. I received more offers I'm excited about, and I hope to see the company succeed from the outside.     BTW, that is very trivial problem to solve for those who has done it.  Second, having discovered issues with algorithmic complexity makes me question claims that they are not important for day to day work. What do you think?    Every time interviewing comes up, I have this funny feeling about letting people look things up vs. whiteboarding them out. Reading this finally broke something loose: Coding in interviews should be as hard as the hardest coding you'll do on the job. Heck, anything in the interview should be about how you do things when the job is hard. Now, this doesn't mean under stress. That may come naturally. But the difference between good and great engineers is decided when the task is hard and information is sparse. Asana is explicitly selecting for people who are going to reason about things from first principles and try to get it right the first time. I admire that they're owning up to that. They'll pass over people who are exceptionally good at searching / synthesizing information. They'll ding people who focus on tightening the iteration time as a way of learning faster. But that's OK. They've probably built a culture where that kind of person thrives, and they're trying to find more engineers who will thrive at Asana.  I have been programming professionally for about two decades. Algorithms? Easy, there are a lot of papers, and The Art of Programming for that. Designing something completely novel? I'll be looking at it for a long time before I can trust it. Performance optimizations? I'll count cycles if I have to. A little bit of time fixes all of it. So what is actually hard about programming? Making sure my system is observable, so that when there is a problem, I know what is going on within seconds, if not minutes. Building a system that self heals. Making API decisions that I will not rue in 6 months to a year. Helping a coworker figure out a more sensible architecture without turning it into a pissing contest, or having to pull rank. How can I actually show ANY of the hardest things I'll do on the job in that short amount of time? I can't. In practice, I get my best salaries, where I am the most valued, either the second time around in a place, or when, either through someone on the inside or well know third party references tell the prospective employer what I can actually do. I have worked with amazing people that I'd never refer to a company that is trying to do this google-derived interview style, because what really matters in that interview is first, the 10 second likeability, second, to read the cues on what the interviewer is thinking of what you are saying, so you can change course if he is not liking you, and third, the ability to think on your feet fast enough while you are getting the other two things done. Someone that takes 6 hours looking at a problem but comes back with an amazing, production-grade solution every time is not welcome there, because they will always get culled. So the problem of the interviews Asana is describing is that they can cull some people, but there is no proof whatsoever that anything they are doing correlates at all with the things that really make a good developer. This is great through, as anyone using a better interviewing system will be able to get far better developers on the cheap, as all this SV companies that copy each other just chase the same style of candidate.  > They'll pass over people who are exceptionally good at searching / synthesizing information. I also admire that they are upfront about this, but the attitude in general rubs my classical engineering self the wrong way. ""[R]eason[ing] about things from first principles"" is not the same thing as having those first principles memorized. That was one thing my undergrad taught me repeatedly. Engineering isn't about memorizing formulas, it is about learning what those formulas mean, how to use those formulas, and when to apply them to a task at hand. Software engineering should be no different. Expecting people to solve hard and novel problems with no resources whatsoever is ludicrous.   I will reason from first principles if the interviewer provide me with a 200 pages detail on the budget, timeframe, use cases, target users and all deployment constrains. Otherwise we all worked based on assumptions and experience we got, even if the interviewer don't want to acknowledge that.   Aside from that, when will we get past the requirement for data structure knowledge for positions that center around web design? Data structure knowledge is available at my fingertips throughout the work day. Why must I memorize implementation boilerplate for an interview?      Might be different if they actually said they didn't want you because of a lack of CompSci degree though.  Seriously? You don't allow referring to online resources? Do you also unplug the internet connection for all of your existing programmers so they don't refer to online resources? The whole point of the interview is to see how you would perform at your job at the first place, creating an artificial job for an interview where you swap words in the array or solving some other stupid quiz + disconnecting you from online resources is just plain stupid in my opinion.    Considering that (a) some of the data in the database was erroneous, but when I alerted them about it they took a long time to respond and I had to just hack a work around, and (b) it was a huge time sink in an otherwise busy week for me, I was very proud of my solution. It was a simple random forest model, with no exploration of optimizing the parameters, and some simple entropy metrics for feature importance. I wrote nicely encapsulated SQLAlchemy for the database side, then modular sklearn and pandas code for the model fits and plots, including calibration curves in addition to accuracy. I put it all together into an 8 page TeX write up with plots. I got virtually no feedback, then after a long time I was asked to have a technical phone interview reviewing my submission that was with two data scientists simultaneously. They barely asked me anything about my code design. They asked a few questions about my choice of accuracy measures and entropy scores, but it was extremely hard to understand what they wanted to hear (why do companies still think that a multi-party phone call is a good use of time??). It was a major instance of ""guess the teacher's password"" which was a huge turnoff for me. Then they asked very vague, high-level questions about designing a news-feed-like interface, and how might you determine which articles are newsworthy on an individual basis. Again, super vague. I threw out all kinds of ideas about seasonality, correlation to major events, properties of your network, ... But nothing seemed interesting to them at all. They clearly wanted someone to recite some well-known stuff Facebook already used, but none of that was part of the job ad or even related at all. It was bizarre. After that, another mysterious block of time went by with no feedback, then I got rejected with no explanation. Later I learned that Asana has pivoted to focus on providing Agile junk for enterprise project management, so I was relieved to have dodged that bullet, but it was still a vague and time-wasting interview process, with so much magic ""guess the teacher's password"" nonsense.  I'd be happy to share more feedback with you if you're still interested, though it seems like you've moved on happily. Feel free to reach out to jack@asana.com and we can talk more. Regardless, best of luck where you are now.  I don't understand this. Why do they not want to see how well a candidate performs the tasks that they will be expected to perform on the job? Does this not result in them selecting for the wrong set of skills/knowledge?      There's some flowery language there about having a genuine desire to want to hire you unlike those 'other evil companies!'... sounds like the same shit pretty much every other company does to me.   I had one of our most senior engineers, who has worked in this language's compiler, to try to solve the exercise. Instead of 40 minutes, it took him three hours! If a candidate is going to interview in a language, for the love of god, have as a prereq that the interviewer is actually capable of doing the exercise in that language.  Some orgs require only scripting, some go so far as to want application engineers who also know everything about AWS for devops/ops roles. Disclaimer: I already asked via their google form for this information to be added in their docs.  Edited In Response To Parent Edit: Thanks for asking! We should definitely make it clearer if there are differences per role.   This is one commonly thrown BS regarding interviews. At the end of the day it is all about one-dimensional usual algorithmic questions. Regarding LRU cache, I think this is one of less crazy interview questions. In one phone interview, I had to solve a DP problem, code it perfectly and pass all the test-cases on HackerRank in less than twenty minutes. I am not certain how many developers out there can pass such interviews without months of preparation in such situations. Tech interviews are basically programming contests. I am not against programming contests or algorithmic questions. But it seems the interview questions are getting crazier day by day.     I think this a common problem. Many companies let a single interviewer has huge influence on hiring decisions. What if the interviewer himself/herself had some bias that s/he wasn't aware of?  And I'm not slamming algorithms or technical interviews, but its time companies stop trying to dress themselves and say it how it is.  That's not to say it's not self-serving; of course we benefit from making more/better hires. But it's not just marketing.  What really stood out was the pages of notes that the recruiter sent me before inviting me to apply again in a few months. I had just been through many on-site interviews at many companies, and no one came close to providing the level of feedback that Asana did. The document that I was sent can't have been too far off from the unedited notes that the interviewers shared with each other in their debrief. It really spoke to Asana's commitment to transparency and helping develop people - even those they didn't want to hire. I'm happy where I am now, but based on this experience, I would absolutely apply again in the future.  Specifically: It's clear from the tone that you're trying to mitigate the hostility and unfriendliness of the conventional programmer interview. Great! But you need to do more than superficially adjust your tone. What this document describes is literally the circa-1999 software developer interview, in almost every detail --- the fuzzily described coding question, the ""algorithm and data structures"" interview, the design review. Everyone has heard of interviews that pointlessly refuse candidates the opportunity to consult Internet references, like every working programmer does every time they code anything ever. But your process goes a step further: you won't even allow candidates to compile their code. How can this possibly be helpful to your process? The most alienating and hostile aspect of the conventional job interview is on-the-spot whiteboard programming. You shouldn't have programmers write code in interviews at all, if you can avoid it; instead, take a week or two and design programming questions that candidates can do at home, on their own schedule, in their own surroundings. But if you're going to make people code in an environment that is utterly unlike the one professionals actually work in, the onus is on you to do everything you possibly can to mitigate the performance penalty you're imposing. Why not, instead of coming up with crazy rules like ""no running your own code allowed"", point your creativity in the opposite direction and find ways to get candidates to be more at ease with writing code with someone looking over their shoulder? Here are some things you can do right now to make your interviewing guide actually helpful to candidates: * Provide sample questions. They do not need to be the ones you're asking in real interviews (although: if they are truly good questions, they could be!), but they should be close enough that a candidate would have no business being surprised by the real ones. * Provide a detailed breakdown of your interviewing process. Do you phone screen? How many times? Who staffs the phone screens? What kinds of questions get asked on them? Who delivers the in-person interviews? How long do they last? These are some of the questions real candidates have about interview processes. I don't understand why more companies don't just answer them up front. * Provide reference material for candidates. Don't point them to other people's interviewing guides! You know your jobs better than anyone else does... right? How about instead: what are the most popular books on the shelves at your team? (Bonus points: buy those books for candidates). What are some Github repositories you think represent really well-engineered software? What are some examples of really hard problems your team is still grappling with? I hired for years and years with a battery of over-the-top technical questions and a rolodex of personal contacts. Then my team and I had a crazy idea: we opened our whole interview process up, standardized it, and took pains to make it understandable to people with no experience in our field. What we learned was that there is a huge amount of underutilized talent out there that can't (because it's locked out due to jargon and poorly described requirements) or won't (because it's denied social permission) apply for jobs unless you go out of your way to bring them in. Many of these people are better than you are. At least, they were for me. Stop bloodying your forehead against the wall competing with Facebook and Google for people who --- if they can navigate the process you describe --- can get an offer from those companies any time they want.  Phenomenally good advice. I wonder, and I don't mean this to be a loaded question because I really don't know the answer: do other practitioners in other highly-skilled disciplines have to dance these sorts of dances to get hired? Does a doctor have to diagnose on the spot? Does an architect have to design a building on a whiteboard? Do they make a lawyer stand up in front of a group of partners and argue some case off the top of his head? Perhaps they do. I really don't know. But it seems to me that basically professional experience counts for little other than to keep the resume out of the trash folder.   Anyone can be a doctor or lawyer too. I know what you mean, I think, but I don't know if I buy the distinction. There is a formal pass-the-bar testing event for lawyers. For nurses and I believe doctors there are boards. Same basic purpose AFAIK. They take these tests when they are just entering the profession. How meaningful are they years later, compared with the experience gained in the interim? My wife is a registered nurse working in cardiac critical care for seven years. If she interviews for a new job with that employment record behind her they aren't going to ask her what an aorta is, which is sort of the equivalent of what Asana is talking about doing here (and what everyone does, to be fair). So you seem to be saying that a professional nurse, as an example, can be trusted to know the basics after seven years of work, because he or she was required to take a hard test on graduation. But a programmer with seven years of experience must prove that he or she knows what a binary tree does? It's also worth pointing out that lawyers can get people jailed or cause them to lose their property. Doctors and nurses can kill them. So can we, occasionally, but it's rare. The most effective interviewing technique, as far as I am concerned is to send the candidate out for lunch with a few of your engineers and tell them to find out whether he knows what he's doing. You spend an hour talking software with some people and it's awful hard to fake knowing your stuff.  you'd be surprised at how many programmers with seven years experience have no freakin clue what a binary tree does! There is a reason fizzbuzz is phenomenal filter.  fizzbuzz does not filter for programmers capable of doing original, thoughtful work in a realistic work environment.  A developer (in a non-pathological work environment) has time to discuss and research a solution. FWIW I don't remember the last time I had to implement a binary tree since my C++ course in college; I'm not a fan of pop quizzes in interviews, but if you're going to do them then at least make it relevant to the work you do on a daily basis.  It's like leaving money on the table. Someone needs to moneyball the crap out of this.  I agree! (I don't even think it's counter-intuitive at all.) Thanks so much for really clear feedback.  Here's how. Some problems - particularly those involving concurrency - don't lend themselves well to the standard compile/test/run/printf mode of programming. The more difficult problems you'll run into require some semiformal reasoning about the underlying problem. When I sit down to solve these problems I'm doing more or less exactly what Asana is asking for. I'm not making my code compile. I'm not running tests - with high probability they'll pass even if my code is wrong. Eventually I'll need to actually write code which compiles and runs. But if I skip the ""think hard and make sure it's right"" step (what Asana is asking for) I'll wind up with wrong code in production with errors that are nearly impossible to debug. It sounds like Asana wants to determine if people can do this kind of thing.  Same for Facebook/Google/Apple/Microsoft/Amazon/etc that also use whiteboard interviews. Those types of companies value seeing candidates' thought process more than the final code of work-at-home test questions. There's a signal there in whiteboard interviews that can't be replicated by at-home tests. Whether that unique signal is valuable or worth the cost is up for debate (as the ongoing disagreements about hiring practices show).  What I dispute is that anyone really does that. It is awfully easy to rationalize any hazing ritual with this sort of six- degrees- of- concurrency- and- formal- methods logic. But there's a simple observation to make about all these questions: they do not mimic the experience of doing the work the interviewer is evaluating candidates for. The more a question diverges from the experience of doing the job, the more process and framework and structure and rigor is needed to extract value from it. But really: most of these questions are just the same dumb fucking programming questions, just with different variants of the interviewer repeatedly whacking the candidate over the head with a paper towel roll while trying to answer.  I've interviewed at startups that have some of the best work-sample testing that I've ever seen - but I could immediately tell these systems wouldn't work well at larger companies. There are entire companies devoted to helping people prepare for GooAmaBookSoft interviews. If any one of these companies standardized on a single interview for all candidates it would immediately turn into a situation like standardized testing in high school where students study to the test instead of learning the core material. I guess my advice is that if you're a startup, take advantage of this! You can do things that don't scale. Interview in ways larger companies can't. Don't assume that the way these companies interview is the best for you.  As another example, I ask people to set up numerical/statistical algos without worrying about specific numpy details. I trust people to translate a log likelihood formula to python, but I want to see them actually derive that formula. This isn't some hazing ritual - it's important to actually understand the statistics to avoid getting stuff wrong. Again, the tools won't help you - if you set things up wrong, you just get a bunch of false positives. I understand this isn't very important for the average dev writing CRUD or ETL apps. I'm just pointing out a particular use case where their constraints are reasonable.  So if deriving log likelihood formula in high pressure, time limited situations, is a good proxy for the kind of work the candidate will be doing, by all means do it that way. If on the other hand, they are more likely to be asked on the job, to go away for some time, think about the questions needing answers in a data set, design an algorithm to suss out those answers and then persuade their colleagues that it is correct, you should design your interview process to align with that.  We’ll ask you to solve some coding questions in a language and text editor of your choice. Feel free to bring your own laptop, or we’ll be happy to provide one. Notably, we ask candidates not to compile or run their code during this exercise, and not to refer to online resources. Our goal is not to simulate day-to-day software development — where we read docs and write lots of tests! — but rather to see how you reason about your code and input cases. For that same reason, we won’t ding you for superficial syntax errors or misremembered function names. After leaving you to work through the questions on your own, we’ll sit down together and talk through your solutions (including any ideas you didn’t have time to commit to code). In any case, all I'm disputing is the idea that formal reasoning about algorithms (without stressing function names and compilation) is a useless skill. We have tools that make it unnecessary for many entry level devs, but that doesn't mean everyone can ignore it.   To me it sounds exactly like they want you to demonstrate some semi-formal reasoning about algorithms, and you think this is not a realistic representation of work. What do you think they mean, and what do you oppose?  But more importantly, I would love to be asked about CS topics that arise every day in development: code organization. How many times do you get a new requirement that makes you throw all previous assumptions (that an architecture was naively built upon) out of the window? When it turns out that module A and B, which were completely different and didn't even know about each other, now need each other's data? Yes, this situation arises when original architecture wasn't thought through enough — and we all were guilty of this at one point or another. Now, what a developer does in that situation is much more important than whether he remembers what complexity what kind of hash table (with all the chaining and hashing types) is. Does he just hack it so it works, creating a lot of fun for future maintainer? Does he decide to spend 2 days to refactor the whole system into a new architecture? Or does he find a balance somewhere in between?   That's the way to do it, I think. In my own technical interviews, I pose (relatively) simple questions that require some problem analysis, a strategy discussion, and then some coding and testing, with a goal of testing aptitude for basic programming abilities like modularization, indirection, recursion, defensive programming, unit testing, etc. I keep things interactive and collaborative and see how much the candidate can do for themselves.  If the question has a well-defined answer, then this is good. If you are asking questions that the candidate ""doesn't know the answer to"" merely as a parochial side effect of the question's vagueness and the vast space of possible good approaches, then you're really only screening for people who happen to think about things the same way you already do, and thus are good at guessing what you want to hear. I'd argue that this is very bad in terms of diversity of thought.   We really try to explicitly avoid that kind of interview evaluation, and put strong emphasis on Communication, User empathy, and Learning, per the guide. But definitely ""did they say the right answer?"" is an easy trap to fall into so its entirely possible that some interviewers are doing it -- would love any concrete feedback you could give to help us avoid it in the future.  On 8/4/15, I received a message from an Asana representative via Stack Overflow Careers. After a few back-and-forths discussing specifics about whether I was a good fit, I then agree to do the take-home test. I received the take home test on 8/7/15. I emailed back on 8/8/15 with a verifiable error in a timestamp column of an AWS-hosted Postgres database that was configured with some test data (data resembling some certain kinds of user data for modeling what an ""engaged"" user is, and what factors predict when a user will be ""engaged""). I included code which could be run to demonstrate the erroneous data. On 8/9/15 I wrote in again stating that I had created a workaround for the erroneous timestamp data, since the only way I could complete the exam was to do it on those particular days (I couldn't wait around for the exam data to be fixed). I submitted my solution on 8/10/15. I got an email on 8/11/15 with a note from someone in engineering apologizing for the timestamp data error, but also saying it shouldn't affect my solution. The recruiter who sent that email also said that my submission was currently being evaluated. Then I waited a week before hearing anything. On 8/18/15 I got a response apologizing for the delay and saying that I was invited for the next round interview. The email said I would be speaking with a person named Jack (maybe you?) a few days later (8/21/15 at 4:00 pm EST). But that call actually included two data scientists over one conference call line. Both interviewers effectively made no comment on my software choices. In fact, when I spoke about how I cared about software design and best practices, even when working on a rapid prototype, it actually sounded as if the interviewers thought this was a bad thing and there was some awkward silence. I brought up examples of how I had worked in a very fast paced environment before (quant finance) and my team had learned some hard lessons that the naive approach of letting data scientists just write scripts for ad hoc modeling, assuming that engineering will ""productionize"" it later, tends to lead to some bad failure cases, and that it's far more efficient over time to simply require data scientists to construct rapid prototypes, even from the first line of exploratory, ad-hoc code, that adhere to many best practices and are only a short distance from ""production"" even in their first version. Then they asked me some vague and hard-to-decipher-over-a-conference-call questions about how to measure the accuracy for the random forest model I had fitted, and about my conclusions regarding which predictors were most efficacious. Despite having used random forests for published research results and even having taught part of a course on random forests when I was a grad student, I could not make heads nor tails of what exact accuracy metric the interviewer was fishing for. I am sure that if such a question was asked in-person, with some pen and paper, or something where it's not just the vague descriptions of some stranger I've never met before, then we could have sorted it out. But the communication was just too poor over the conference call for this kind of question. Given that I had to solve the problem in my spare time while conducting all the other stuff in my life, I felt it was quite reasonable for me to take a very conservative approach: fit a very simple model, don't waste time chasing down parameter optimizations (like depth of the trees or some huge set of features). Just walk through some very straightforward analysis, use some straightforward features, produce some common diagnostic curves (which showed a huge bias in the data labels -- almost all example users were not ""engaged"" ), and draw only conservative conclusions (e.g. with such severe bias in the toy data set, it's pretty hard to conclusively say anything, so don't pretend you can say more than you really can, don't recommend strong conclusions, and leave it at that). The point is to show basically a mock-up of the end-to-end workflow, from querying the data, to constructing the features, to fitting the model, to assessing the fit. The point is clearly not to do that in some kind of insanely accurate way when you're talking about a busy adult doing it in their spare time over a few days. The two interviewers had some gripes with the specifics of my accuracy measures (which seemed really misplaced, again for an analysis done in a busy adult's spare time using erroneous toy data).  I was actually fairly detailed in my description of some math ideas for these things, but the whole conversation sounded like someone sucked the air out of it. The interviewers kept trying to get me to talk more specifically about aspects of the newsfeed that actually occur in Facebook's newsfeed. When I told them I don't have a Facebook account and don't know what the modern version of the newsfeed does (which is true, I don't), they sounded like they just lost all interest in talking to me. My hunch was that they wanted me to possibly talk about A/B testing, but this is kind of silly. They definitely didn't ask me about A/B testing. It was like they wanted me to guess that phrase. Plus, at least for frequentist A/B testing, there are good reasons to believe a lot of it is junk science and a lot of applied mathematicians would not consider this a reasonable idea at all. I guess I could have talked a little about Bayesian A/B testing, but my mind associated their problem with network modeling and seasonality effect modeling, not A/B testing. (I can't be sure they were focused on A/B testing -- it's just what I independently thought after the fact when struggling to understand the outcome since no one gave any feedback). Overall, I could tell it went badly, but I could not understand what the two interviewers were trying to get me to say. As someone who has worked on a lot of math modeling problems, from undergrad and on through grad school, I thought my way of breaking down and describing ideas for the newsfeed example was perfectly on-point and technically useful. To boot, the job I was interviewing for did not (at least as it was explained to me) have anything to do with ranking problems, A/B testing, or newsfeed-like work at all. That was on 8/21/15. I then heard no response of any kind, until 8/28/15 when I got a form letter rejection email that simply said at that point, Asana did not want to continue the process, and gave no further details. From start to finish it went from 8/4 to 8/28, so almost a month. I scrambled to put in a lot of hours to solve the take-home test in my spare time over a short window, and then went through two different full week long periods of silence (one after my code test was being reviewed, and one after the vague/weird two-on-one phone interview), only to receive no feed back at all on my software solution, limited and tangential feedback on my actual data science approach (feedback which didn't seem at all appropriate for something a busy adult would put together over a couple of days), and no feedback at all about the decision to reject me based on the interviews. The overall experience left me feeling like Asana asks very vague questions and reserves the right to be dissatisfied if you don't identify the magic answer to the vague question. It also made me feel that Asana does not act in a timely manner to review code submissions or to provide interview feedback, even though Asana did require me (despite being busy outside of interviews) to complete a code test in a timely manner. It also sounded like Asana might have some data science employees who act a bit like ""gatekeepers"" in the interview process -- they felt a need to assert that they are better than the candidate, even if it means bringing some discussion up about specific accuracy criteria or something when it may not really be very appropriate for a quick solution to a poorly specified problem. It's a bit like someone talking about Haskell programming for an interview, successfully solving some Monad problems in a quick way given the time constraints, and then getting grilled about unification algorithms in the Hindley-Milner type system. It's just to let the existing employee who is conducting the interview feel superior and act like it is some great filter on the incoming talent pool, when really it's mostly unrelated minutiae. As I mentioned in the other comment, I later learned the extent to which Asana supports Agile-focused systems for enterprise project management, and this actually saddened me a lot. I always liked Asana because it embodied a type of minimalist efficiency that is fundamentally incompatible with the bureaucratic wastefulness of Agile/Scrum/Kanban/""lean"" buzzword systems. I had high hopes that Asana would not be just another one of those cargo cult management junk systems, and maybe it still will avoid that fate, but agreeing to support Agile doesn't bode well. So ultimately it was a good thing I was rejected, though I do not feel it was a fair reflection of my engineering effort on the exam, and I certainly don't feel that the evaluation was done in a way that showed respect for the amount of time and effort that I took to complete the task.  Re: the questions themselves, although I don't agree with your characterization of what's going on or what we're looking for, I definitely think there's a lot of room to improve on our data-science screening. I'll send you an email with more re: what specifically came up in your interview that made us reject. Again, thanks for taking the time to share this really explicit feedback. (For the record, I don't really know what you're referring to re: Asana and Agile.)  I just wanted to add that the user above, Jack, absolutely made good on what he said. He sent me some very well-written, extremely professional, and constructive feedback about my interview process. I am able to see a lot of things I can improve and it will help me for future interviews. I think it also highlights some things about the process that Asana can improve, and by all evidence of Jack's sincerity in the feedback, I believe Asana is very interested in ways of improving. Don't let anyone say that all I do on Hacker News is grumble about open-plan offices... in this case I am expressing my sincere gratitude and appreciation for Jack's feedback. If I had received this kind of response in a timely manner when Asana decided not to continue the interview process with me, I would have walked away with a significant positive feeling about interviewing with them.  Regarding the problem, I didn't have the best approach out of the gate. In fact, I had a vague memory of the right approach (""I seem to recall it uses two data structures, and if I really stretch I think it was X and Y, but I don't remember the details."") That made it harder to get to the final solution. The interviewer was very good at at talking things through with me in a way that didn't seem like they were frustrated or otherwise grumpy that I didn't know this particular problem cold. They apparently thought the results were encouraging enough to move to an onsite, but I got an offer from my current employer (where I am working with close personal friends) and had to pass on the chance to find out what that would be like. All in all I think Asana is probably a great place to work. I also like the product, although it seems like you need a whole team to adopt it to make it sticky.   Hmm, I'm curious what you're assuming! At Asana, at least, our first hires went through many of the same questions that interviewers today go through, but we were just a lot less systematic about our evaluation and less scrupulous about accidentally testing for knowledge/context rather than ability. The intention of this guide was to make the interview /less/ bullshit-y, by giving people enough grounding to not be thrown off by unexpressed expectations.   https://asana.com/eng/interview-guide would be great to see a more detailed guide covering the concepts they like to see master of and problem solving skills they are looking for.   - Jack from asana   I'm not installing your app on my phone...    - gets things done - able to actively engage in discussion about software development - works hard - wants to work here doing this job - loves to learn - not overly dogmatic The rest, meh. "
Instacart,Natural Language Processing Engineer,"['https://mlengineer.io/instacart-machine-learning-interview-what-to-expect-18b4cc0c7599', 'https://levelup.gitconnected.com/instacart-toughest-interview-experience-d312bfb3139f', 'https://www.glassdoor.co.in/Interview/Instacart-Senior-Software-Engineer-Interview-Questions-EI_IE714486.0,9_KO10,34.htm?countryRedirect=true']","Sign up Sign in   Member-only story Pham An Khang Follow Machine Learning Interview 15   The author made this story available to Medium members only.
If you’re new to Medium, create a new account to read this story on us.
Sign up with Google
Sign up with Facebook
Sign up with email
Already have an account? Sign in The author made this story available to Medium members only.
If you’re new to Medium, create a new account to read this story on us.  15  Machine Learning Interview Author of Machine Learning System Design course on educative.io, Machine Learning Design Interview book and ML interview on github. Top 1000 Medium writers. Pham An Khang in Machine Learning Interview Pham An Khang in Machine Learning Interview Pham An Khang in Machine Learning Interview Pham An Khang in Machine Learning Interview Maarten Sukel in Picnic Engineering Samuel Flender in Towards Data Science AI SageScribe Suraj Jha in Write A Catalyst Mikel MLE Path           Sign up Sign in   Member-only story Tech Wisdom Follow Level Up Coding 107 1   Hard technical interviews and stone-cold interviewers! I appeared for an interview with Instacart last year for their Toronto office. As it turned out, it proved to be one of the toughest interviews I had given last year! Instacart is one of the better paymasters in North American markets and is known for being one of the fastest-growing startups. It is the biggest name in grocery delivery services in North America. Role: Engineering Manager Applied Through: LinkedIn Location: Toronto, Canada Total interviews: 5(1 Manager Screening + 4 virtual onsite) Duration: 3 weeks Result: Not Offered Overall Experience: 2/5 Let’s get into the details now. Instacart was hiring quite a bit in 2022 and It was easy to find a role on LinkedIn. I applied through LinkedIn and got a response from HR within a day. She then set up a quick call to go over my background and explained the interview process. I wouldn’t call it an interview as there weren’t many questions asked. She then went on to explain the teams and roles available and enquired if I had an… The author made this story available to Medium members only.
If you’re new to Medium, create a new account to read this story on us.
Sign up with Google
Sign up with Facebook
Sign up with email
Already have an account? Sign in The author made this story available to Medium members only.
If you’re new to Medium, create a new account to read this story on us.  107  1 Level Up Coding About Life, Tech & Life in Tech... https://twitter.com/TechWisdomMe Tech Wisdom in Level Up Coding Senthil E in Level Up Coding Jarek Orzel in Level Up Coding Tech Wisdom in Level Up Coding Arunima Barik Kashish Gupta Shailesh Sharma Keith Chan Mukul Jha Sahil Kumar                                                                                                Copyright © 2008-2024. Glassdoor LLC. ""Glassdoor,"" ""Worklife Pro,"" ""Bowls,"" and logo are proprietary trademarks of Glassdoor LLC. "
Twilio,Computer Vision Engineer,"['https://www.glassdoor.co.in/Interview/Twilio-Software-Engineer-Interview-Questions-EI_IE410790.0,6_KO7,24.htm', 'https://www.geeksforgeeks.org/twilio-interview-experience-for-software-engineer/', 'https://www.ambitionbox.com/interviews/twilio-interview-questions/machine-learning-engineer']","                                                                                               Copyright © 2008-2024. Glassdoor LLC. ""Glassdoor,"" ""Worklife Pro,"" ""Bowls,"" and logo are proprietary trademarks of Glassdoor LLC.  Round 1: Hackerrank Test: It has 4 coding questions, 2 easy, and 2 medium. I solved 3 completely and one partially. I got called for the next round Round 2: Tech Screen: One senior software engineer took this interview. She asked me some questions on java oops both concepts and coding. After that, she asked one system design question to design a system like the red bus app. Round 3: Managerial round: It is taken by one of the senior employees or manager. He asked questions about my projects and some behavioral questions Round 4: Behavioral round: It is taken by a bar raiser. She asked more than 10 behavioral questions. We have to prepare those by using the STAR approach. I hope this will helps you with your interviews
Thank you Verdict: Not selected Are you feeling lost in OS, DBMS, CN, SQL, and DSA chaos? Our Complete Interview Preparation Course is your solution! Trusted by over 100,000+ Geeks, it covers all essential topics, ensuring you're well-prepared for technical challenges. Join the ranks of successful candidates and unlock your placement potential. Enroll now and start your journey to a successful career!  The webpage at https://www.ambitionbox.com/interviews/twilio-interview-questions/machine-learning-engineer might be temporarily down or it may have moved permanently to a new web address.  "
Coinbase,Augmented Reality Developer,"['https://www.glassdoor.co.in/Interview/Coinbase-Software-Engineer-Interview-Questions-EI_IE779622.0,8_KO9,26.htm', 'https://medium.com/@varshareddyarrabelli2003/coinbase-interview-experience-backend-3a523d97e15f', 'https://www.coinbase.com/blog/how-coinbase-interviews-for-engineering-roles']","                                                                                      Copyright © 2008-2024. Glassdoor LLC. ""Glassdoor,"" ""Worklife Pro,"" ""Bowls,"" and logo are proprietary trademarks of Glassdoor LLC.  Sign up Sign in    Varsha Reddy Follow 74 1   In this article, I would like to share my interview experience for the Software Engineer, Backend ( G2501 ) Remote role at Coinbase. This was an off-campus drive, and I will take you through my journey. Additionally, I share some off-campus tips that helped me in securing interviews with major companies here. Short Info about me I graduated in Computer Science and Engineering from NIT Calicut in 2024. Prior to this, I interned at Arcesium (a D.E. Shaw Group ) and Sandvine Technologies. Application Process The journey began with the application process. On February 04, 2024, I applied for the Software Engineer, Backend (G2501) Remote role at Coinbase. Although it was an experienced role (0–2+ years), fresh graduates were also encouraged to apply. Coinbase prefers candidates with experience, and my internship experience significantly contributed to receiving the assessment link. Additionally, a referral from a Coinbase employee further supported my application. The entire interview process consisted of four rounds. Round — 1 ( Online Assessment ) On April 2, 2024, I received an email regarding an online assessment on CodeSignal. The assessment window was open for 7 days, providing me with sufficient time to prepare and complete the task. The assessment comprised four medium-level questions focused on data structures and algorithms (DSA), with a total duration of 90 minutes. During the assessment, I successfully solved three out of the four questions. After three days, I received an email from the recruiter for the next round. Round — 2 ( Phone Screening Round ) On April 8, 2024, I had a 15–30 minute call with the recruiter. The discussion was formal and aimed at understanding my interests, internship experiences, and ambitions. Additionally, the recruiter asked several questions based on my resume, inquired about my preferred coding language, and provided a detailed explanation of the interview process. He has also shared me the interview preparation documents. Round — 3 ( Technical Interview — 1 ) The interview was scheduled for April 17, 2024, providing me ample time to prepare. This round was a Technical Execution round, comprising Machine Coding and Data Structures & Algorithms (DSA), with a total duration of one hour. The machine coding round involves solving a design problem in a matter of a couple of hours. It requires designing and coding a clean, modular, and extensible solution. This website has been the most helpful resource I have found for excelling in the machine coding round. The interview was conducted on CodeSignal. Without any delay, the interviewer presented a basic question based on transactions, emphasizing the importance of neat and clean code, writing different classes, and maintaining code clarity. While they focused on a working solution, edge cases were not the primary concern. The main emphasis was on class division and optimal coding practices. Upon completing the initial coding task, I was given an extension to the problem. After solving the first extension, I was presented with another extension, more complex one. The initial question was of easy-medium difficulty, but the extensions ranged from medium to hard. Due to time constraints, I was unable to fully code the second extension, but I successfully explained my approach to the interviewer. In situations with limited time, it is advisable to explain your approach to the interviewer before completing the code, so that the interview will at least end on an average note. Overall, I would rate my performance between average and good. The interview difficulty was medium to hard, as it was a unique interview experience for me. Round — 4 ( Technical Interview — 2 ) The interview was scheduled for April 18, 2024. This round was a Domain Execution round, comprising Machine Coding and Object-Oriented Programming (OOP), with a total duration of one hour. The interview was conducted on CodeSignal. The interviewer presented a question based on iterators. I outlined the division of classes and received assistance from the interviewer whenever I encountered difficulties. Upon completing the initial coding task, I was given additional extensions to complete. The initial question was of easy difficulty, while the extensions were of medium difficulty. At Coinbase, the interview difficulty is not based on the candidate’s experience but rather on the role being applied for, meaning the difficulty level is consistent for both freshers and experienced individuals. Overall, I would rate my performance between average and good. The interviewer was very friendly, and the interview difficulty ranged from medium to hard. Result On April 20, 2024, two days after the interview, I received a rejection email. Nevertheless, this was one of the best interview experiences I have had. I gained valuable insights into how low-level design (LLD) and machine coding interviews are conducted. This experience will be beneficial for me in future interviews. Please feel free to share any important concepts in the comments section. If you have any specific queries, do not hesitate to contact me on LinkedIn. All the best! :) Distraction-free reading. No ads. Organize your knowledge with lists and highlights. Tell your story. Find your audience. Read member-only stories Support writers you read most Earn money for your writing Listen to audio narrations Read offline with the Medium app 74  1 Varsha Reddy Varsha Reddy Varsha Reddy Varsha Reddy Arnab Biswas Kashish Gupta Abhishek Jha in Interview Process Surabhi Gupta in Code Like A Girl Sahil Kumar Alexander Nguyen in Level Up Coding           By Author Engineering , September 7, 2021 , 8 min read time Coinbase is on a mission to increase economic freedom in the world. In order to achieve this mission, we need to build a high performing team. Our top priority is attracting and retaining great talent, and we take extraordinary measures to have exceptional people in every seat. This post is designed to give candidates a sneak preview of what we look for in our technical interview process. In this post we’ll focus on what we look out for in an engineering candidate. Some of this advice will apply to other positions too, but it’s most useful if you want to join us as an engineer. When joining the interview process you’ll progress through a series of stages. In each stage we’ll assess you in different ways to ensure the role you’re interviewing for is a good mutual fit. While the exercises and questions you face will vary, we always look out for the Coinbase cultural tenets: Clear communication Efficient execution Act like an owner Top talent Championship team Customer focus Repeatable innovation Positive energy Continuous learning Learn more about these tenets here. You may not get an opportunity to display all of these qualities at every interview stage, but this will give you a good idea of what we are looking for. When we assess your performance we will do so almost exclusively through the lens of these tenets. The interview stages are (typically but not always): an initial chat with someone from HR about the role one 60 minute pair programming problem one or two 60 minute engineering manager interviews one or two 60 or 90 minute pair programming interviews one or two 60 minute system design interviews You will need to perform well at all stages to get an offer, so it’s important to prepare for each interview stage. That said, most people that are unsuccessful in their Coinbase interview loop fail on the pair programming stages. Let’s start there. In the pair programming interview(s) you will work through a problem with one of our engineers. To start, your interviewer will provide you with a short brief of the problem. Now it’s up to you to code a solution to the problem. It’s not enough to solve the problem to pass this stage. We are not looking for a minimal Leetcode-style optimal solution. We are looking for evidence that you are able to produce production-grade code. As a result, we assess both the end result and how you got to the result, giving credit for both components. If you get stuck on a bug, how do you overcome it? Do you know your tooling well? Do you use the debugger with a breakpoint, or do you change random lines of code until it works? Is there a method to how you approach a coding problem? We will look beyond the completeness and correctness of your solution. We will assess the quality and maintainability of your code, too. Is your code idiomatic for your chosen language? Is it easy to read through and understand? What about variable naming? Do you leverage the tooling that is available to you in your IDE and terminal? How can we be confident that your code is correct? Did you test it? How well do you understand the problem? Do you ask relevant clarifying questions? How well do you take the interviewer’s feedback? Don’t be discouraged if you do not reach the very end of the problem. We design our interview problems to fill more than the allotted time. The interviewer will stop the interview after either 90 minutes have passed, or when they are confident in their assessment. Ending an interview early is not always a bad sign. Most candidates who fail the interview do so because their code or process isn’t good enough. We do not typically fail you for an incomplete solution. Let’s look at a practical example. Suppose the problem is: Given a list that contains all integers from 1 to n — 1. The list is not sorted. One integer occurs twice in this list. Write a function that determines which integer occurs twice. Here’s the first example solution (there are errors!): def duplicates(integers): """"""duplicates takes a list of integers and returns the first duplicate value or None if all values are unique"""""" if not isinstance(integers, list):  raise ArgumentError(“expected list as input”) sorted_integers = integers.sort() previous_value = nil for x in sorted_integers: if x == previous_value:  return x previous_value = x return None def test_duplicates(): assert duplicates([]) == None, ""empty array is considered unique"" assert duplicates([1, 2]) == None , ""array of unique values returns None"" assert duplicates([1, 2, 2]) == 2, ""duplicate returns the duplicate integer"" assert duplicates([1, 2, 2, 1]) == 2, ""multiple duplicates returns the first duplicate"" And the second solution (there are errors here, too!): def dupilcateIntegers(l ): n = len(l) return sum(l) - ((len(l)+1) * len(l))/2 The first solution doesn’t actually solve the problem. But the author seems to have thought about error handling and input validation. The candidate has thought about the problem and its edge cases. Furthermore the solution attempts to also solve for a larger and more general class of the same problem. They’ve added a short docstring and the code is generally well-formatted and idiomatic python. We would be inclined to consider the first solution a pass. There’s a bug in the implementation and the algorithm is not optimal yet the code is maintainable and generally well structured (with tests too!). This solution is good. The second solution is correct and optimal, yet this candidate would not pass the interview. The formatting is sloppy and there are spelling mistakes, and unused variables. The code itself is terse and difficult to understand. This candidate would probably be rejected. Finally, also keep in mind that you have only 90 minutes to complete the problem. Our problems don’t really have any tricks in them, and the naive solution is typically good enough. We won’t ask you to invert a binary tree, but we will ask you to solve a simplified version of a real life problem. We’re looking for production-like code, not hacky solutions. So how would you best prepare for the pair programming interview with us? Don’t focus too much on grinding Leetcode. It’s better to focus on the fundamentals. Learn your editor, your debugger, and your language. Practice writing well formatted and well structured code with relevant method and variable names, good state management and error handling. In our system design interview you will be asked to design the general architecture of a real-world service. For example: How would you design a Twitter feed? The brief is typically short, and it’s up to you to ask the interviewer for clarifications around the requirements. Don’t dive too deeply into any one specific aspect of the design (unless asked by the interviewer). It’s better to keep it general and give a specific example of a technology you know well, that would be a good fit for the use case at hand. Example: “For this service an RDBMs database would be a good choice, because we don’t know exactly what the queries will look like in advance. I would choose MariaDB.” Be sure to address the entire problem, and if you’re unsure if you’ve covered everything ask the interviewer to clarify, or if there’s anything they’d like you to expand upon. If you are unsure about the specifics of a particular component in your design, it’s best to try to let your interviewer know and to tell them how you would go about finding the answer. Don’t wing it — being wrong with confidence is a negative signal, whereas humility is a positive signal. A good answer might be: “I don’t know if the query pattern and other requirements fit well with an SQL database here, but I have the most experience with MariaDB so it would be my default choice. However, before making a decision I would have to research what its performance might look like in this specific case. I’d also research some NoSQL alternatives like MongoDB and perhaps also a column wide store like Cassandra.” You’ll be assessed on your ability to explore the requirements, and how well your design might perform in real life. Do you take scalability into account? How about error handling and recovery? Do you design for change? Have you thought about observability? You’ll also be assessed on how well you communicate your design and thoughts to the interviewer. During our interview process, we look for signals that help us understand whether there is a skill match but more importantly a cultural fit. Some of the signals we look for: Be honest — Honesty always pays. If you’ve seen the question before, best to let your interviewer know so that an alternate question can be discussed. Similarly, exaggerating current scope/responsibilities is considered a red flag. Speak your mind — Even if the question might seem difficult or you need time to think, vocalize your thoughts so that the interviewer can help you along. It’s not as important to get the right answer as it is to have a reasonable thought process. Understand before responding — It’s best to listen and understand the question before responding. If you’re unsure, ask to clarify or state your assumptions. We aren’t looking for a quick response but always appreciate a thoughtful response. If the question isn’t clear the first time, feel free to request the interviewer to repeat it. Good Setup — Being a remote first company, our interviews are virtual on Google Meet. Take the meeting at a place where the internet connection and your audio/video is good. It’s better to reschedule in advance if your setup isn’t tip-top. Finally, test your microphone and camera an hour before joining the call. We keep our cameras on the entire interview and expect you to do the same. Be Prepared — We advise that you go through the links your recruiter shares with you as part of the interview invite. They contain information about how everyone at Coinbase operates and what they value. Ask what’s on your mind — Our panelists always leave time for the candidates to ask questions.Take that opportunity to ask questions that would help you decide your Coinbase journey rather than asking generic questions (most of which are answered on our blog). You will interview with engineers and managers so tailor your questions to the unique perspectives offered by each role. Crypto or Industry knowledge — Unless you are specifically interviewing for a role that requires deep crypto/blockchain knowledge (your recruiter would be able to share this with you), we aren’t looking for this knowledge as a mandatory skill. As long as you are willing to learn, we want to talk to you — even if you are entirely new to crypto. We were all new at one point too! Thanks for taking the time to learn a little bit more about our interview process. If you are interested in building the future of finance, have a look at our open roles here. Good luck!  Engineering Share Introduction Pair Programming System Design General Tips Company, Nov 12, 2024 Product, Nov 12, 2024 Tl;dr Coinbase launched the Coinbase 50 Index (COIN50), a benchmark representing the top 50 digital assets listed on Coinbase Exchange that meet the index’s fundamental criteria for inclusion.    United States English We use cookies and similar technologies on our websites to enhance and tailor your experience, analyze our traffic, and for security and marketing. You can choose not to allow some type of cookies by clicking Manage Settings. For more information see our Cookie Policy. "
Robinhood,VR Developer,"['https://www.glassdoor.co.in/Interview/Robinhood-Software-Engineer-Interview-Questions-EI_IE1167765.0,9_KO10,27.htm', 'https://www.tryexponent.com/guides/robinhood-pm-interview']","                                                                                   Copyright © 2008-2024. Glassdoor LLC. ""Glassdoor,"" ""Worklife Pro,"" ""Bowls,"" and logo are proprietary trademarks of Glassdoor LLC.  Want to land your dream job as a Robinhood product manager (PM)? Don't interview for Robinhood until you finish reading our guide to Robinhood PM interviewing. Robinhood's interview process is known to be highly competitive, given its integral position in the fintech ecosystem and recent growth with the rise of cryptocurrencies. In this guide, we'll examine frequently asked questions about Robinhood's interview process, including common questions asked and tips to succeed in the interview. Product management at Robinhood is incredibly rewarding, with its huge scale and mission to democratize finance for all. To interview for a Robinhood product manager role, you'll go through three stages: a recruiter call, two phone screens, and an on-site interview (currently virtual). The first stage is a quick call with a Robinhood recruiter. These calls are less evaluative in nature and more motivational and level-setting. The recruiter will ask about your product management experience, as well as why you want to work at Robinhood. No need to prepare much for this one! Review your resume to speak from it, and be sure to research a bit more about Robinhood. In these one hour conversational interviews, you'll speak with product managers at Robinhood. One of the interviews will focus more on a behavioral-style questions, such as your interest in product management and working at Robinhood. The other interviewer will ask a product question (e.g. the common ""What's your favorite product and why?"" question). These are lighter versions of the interview questions you can expect in the on-site, but are worth preparing for—especially researching Robinhood and their company's strategy. In this stage, you'll meet 4-5 team members for up to an hour each. You'll experience a variety of interview types, as discussed in the next section. Robinhood also emphasizes its values throughout the interview—research these and be sure to speak off of them throughout the interview day. In the next section, we'll discuss specific attributes Robinhood is looking for in interviews and how to prepare for them. Robinhood generally will ask two product sense questions in your interview, and you'll meet with both an engineer and a designer to have a cross-functional-style interview. This interview focuses on your product knowledge, creativity, instincts, and awareness. Questions could focus on a product that you feel is a great product, why it’s a great product, and what you’d do if you were a PM or the CEO of that company. Other questions that could come up in this interview are looking at an existing Robinhood Product and figuring out how you’d evolve it. Your interviewer will be able to give you guidance along the way, although they will expect you to lead the conversation. In this interview it’s very important to have a structure in your thought process and to be able to revert back to your original idea / goal. Here is a list of product sense questions recently asked. While we have a full guide to product design questions in our course, one tip for these questions is to always mention tradeoffs. Robinhood will match you with an engineer and a designer to conduct more behavioral-style interviews. Being relaxed, calm, and confident is the key to success in these interviews. However, there are definitely parts of this interview you can prepare for. For instance, create a story bank of experiences that you can use in the interviews, and practice some of these questions with a practice partner in our Slack Channel to get more confident and comfortable. As you answer your interviewer’s questions, ask yourself if your responses include examples that show how you: Our most important tip? Don't interview without deeply understanding Robinhood's mission. Try practicing with our question bank of behavioral PM interview questions. Exponent is the fastest-growing tech interview prep platform. Get free interview guides, insider tips, and courses. Get updates in your inbox with the latest tips, job listings, and more.   "
Zynga,Robotics Engineer,"['https://www.naukri.com/code360/interview-experiences/zynga/zynga-interview-experience-by-gandharv-sachdeva-on-campus-aug-2022', 'https://www.glassdoor.co.in/Interview/Zynga-Software-Engineer-Interview-Questions-EI_IE243552.0,5_KO6,23.htm', 'https://www.ambitionbox.com/interviews/zynga-game-network-interview-questions/fresher-candidates']","  Here's your problem of the day Solving this problem will increase your chance to get selected in this company What is an enum in Java?                                                                                         Copyright © 2008-2024. Glassdoor LLC. ""Glassdoor,"" ""Worklife Pro,"" ""Bowls,"" and logo are proprietary trademarks of Glassdoor LLC.  The webpage at https://www.ambitionbox.com/interviews/zynga-game-network-interview-questions/fresher-candidates might be temporarily down or it may have moved permanently to a new web address.  "
TikTok,Firmware Engineer,"['https://www.glassdoor.co.in/Interview/TikTok-Software-Engineer-Interview-Questions-EI_IE2230881.0,6_KO7,24.htm', 'https://freezefrancis.medium.com/tiktok-singapore-backend-engineer-interview-eef5d3cbcf99', 'https://levelup.gitconnected.com/interview-experience-with-tiktok-310bb70d157']","                                                                                       Copyright © 2008-2024. Glassdoor LLC. ""Glassdoor,"" ""Worklife Pro,"" ""Bowls,"" and logo are proprietary trademarks of Glassdoor LLC.  Error: Message: stale element reference: stale element not found in the current frame
  (Session info: chrome=131.0.6778.69); For documentation on this error, please visit: https://www.selenium.dev/documentation/webdriver/troubleshooting/errors#stale-element-reference-exception
Stacktrace:
#0 0x5a87b7faf4ca <unknown>
#1 0x5a87b7ac2620 <unknown>
#2 0x5a87b7ac83e3 <unknown>
#3 0x5a87b7aca8a8 <unknown>
#4 0x5a87b7aca933 <unknown>
#5 0x5a87b7b0bac2 <unknown>
#6 0x5a87b7b35372 <unknown>
#7 0x5a87b7b05938 <unknown>
#8 0x5a87b7b3553e <unknown>
#9 0x5a87b7b53de0 <unknown>
#10 0x5a87b7b35113 <unknown>
#11 0x5a87b7b03be0 <unknown>
#12 0x5a87b7b04bbe <unknown>
#13 0x5a87b7f7be4b <unknown>
#14 0x5a87b7f7fde2 <unknown>
#15 0x5a87b7f68d2c <unknown>
#16 0x5a87b7f80957 <unknown>
#17 0x5a87b7f4e4bf <unknown>
#18 0x5a87b7f9e348 <unknown>
#19 0x5a87b7f9e510 <unknown>
#20 0x5a87b7fae346 <unknown>
#21 0x7d11d9dcdac3 <unknown>
 Sign up Sign in   Member-only story TechSlice by Shubham Follow Level Up Coding 190 4   Senior Backend Engineer at TikTok. Recently, I interviewed with TikTok for a Backend Engineer Role. Before I tell you my experience do read the article I wrote on how I prepared for my interviews this time. It is very detailed and outlines my learning experience. Hope it helps you!. levelup.gitconnected.com I had three rounds with TikTok. The first round was a programming round. The interviewer asked me the following question: Given a grid with 1, 0 find the area of the biggest island. This a pretty standard question on Leetcode. I wrote a BFS and was done in 20 minutes. However, the interviewer asked me about new AI tools and if I would use them—mostly behavior questions. It went fine, and I got a chance at the next round. The author made this story available to Medium members only.
If you’re new to Medium, create a new account to read this story on us.
Sign up with Google
Sign up with Facebook
Sign up with email
Already have an account? Sign in The author made this story available to Medium members only.
If you’re new to Medium, create a new account to read this story on us.  190  4 Level Up Coding Dev @TikTok. Life + Tech = TechSlice. TechSlice by Shubham in Level Up Coding Senthil E in Level Up Coding Jarek Orzel in Level Up Coding TechSlice by Shubham in Level Up Coding Binita Kumari Alexander Nguyen in Level Up Coding Ashish Pratap Singh in AlgoMaster.io Love Sharma in ByteByteGo System Design Alliance Surabhi Gupta in Code Like A Girl The Coding Diaries in The Coding Diaries          "
Qualcomm,Release Manager,"['https://prepfully.com/interview-questions/qualcomm/engineering-manager', 'https://www.glassdoor.co.in/Interview/Qualcomm-Program-Manager-Interview-Questions-EI_IE640.0,8_KO9,24.htm', 'https://www.geeksforgeeks.org/qualcomm-interview-experience-on-campus-2023/']","Products Resources Your AI Wingman for your next interview Search ⚡️ Reported recently Qualcomm 3M Activision Blizzard My extensive experience in advanced problem-solving and architectural design equips me with the technical expertise needed for a senior software engineer role. I excel in backend development, having successfully led projects that involved optimizing large-scale systems and designing scalable architectures. My leadership skills are demonstrated through my ability to guide cross-functional teams and mentor junior engineers, fostering collaboration and ensuring alignment with project goals. Clear communication and strategic thinking are central to my approach, allowing me to articulate complex technical concepts and make informed decisions that balance immediate needs with long-term objectives. I am committed to continuous learning and adaptability, staying abreast of industry trends and applying innovative solutions to overcome challenges. My focus on quality and efficiency drives me to deliver reliable, high-performance software while optimizing workflows and processes. ⚡️ Reported recently Qualcomm Akamai Amazon When buildling the next generation instance, during the planning phase I budget the amount of servers we will launch the product with. Given each server cost was over 2 million dollar I biased to towards frugality and provided a bare minimum number of server we could launch with. But what I completely missed was during the developement some servers will end up in bad state and the engineering team will short of servers to test the software and firmware getting built which made meeting the project timeline riskly and heavily dependent on delivery schedules of servers and them staying healthy. This quickly became a bottleneck that I realized. I quickly put togther a plan to request adittional server and provide a detailed breakdown on where and how these would be used during and after developement. Synced with the hardware and ODM team and executives to get a approval and ordered the parts to get the servers and racks build at ODM.  Qualcomm Accenture Amazon      Qualcomm 3M Activision Blizzard During final stages of testing upgraded version of core banking applications, we encountered a defect which required resolution from development team. After dev deployed the defect, I had very limited time to thoroughly retest and perform regression. Qualcomm Qualcomm Amazon DoorDash Qualcomm Qualcomm Arm Flexport Qualcomm Qualcomm Audible Box   🔥 Perfect Match Talk to an Engineering Lead at Qualcomm 18.5 yrs Experience Check Coach Profile We'll send you a weekly question to practice for: Showing results 1 to 10 *All interview questions are submitted by recent Qualcomm Engineering Manager candidates, labelled and categorized by Prepfully, and then published after being verified by Engineering Managers at Qualcomm. © 2024 Prepfully. All rights reserved.                                                                                            Copyright © 2008-2024. Glassdoor LLC. ""Glassdoor,"" ""Worklife Pro,"" ""Bowls,"" and logo are proprietary trademarks of Glassdoor LLC.  Round 1:Online Assessment:
It consists of 3 sections each section having 20 questions of multiple choice. The first section was based on Quantitative Aptitude, Logical Reasoning & Data Interpretation. Sections 2 and 3 were based on c programming output, operating system, digital and data structures, and algorithm. Round 2:Technical Interview 1:
I was asked, “Tell me about yourself”. Round 3:Technical Interview 2: Round 4:HR Round: Verdict: Selected Tips: Be thorough with basic DSA ,OS, sql commands and project related questions. Thanks for Reading this, ALL the BEST Are you feeling lost in OS, DBMS, CN, SQL, and DSA chaos? Our Complete Interview Preparation Course is your solution! Trusted by over 100,000+ Geeks, it covers all essential topics, ensuring you're well-prepared for technical challenges. Join the ranks of successful candidates and unlock your placement potential. Enroll now and start your journey to a successful career! "
Dell,Test Automation Engineer,"['https://www.glassdoor.co.in/Interview/Dell-Technologies-Test-Engineer-Interview-Questions-EI_IE1327.0,17_KO18,31.htm', 'https://www.ambitionbox.com/interviews/dell-interview-questions/test-engineer']","                                                                                                 Copyright © 2008-2024. Glassdoor LLC. ""Glassdoor,"" ""Worklife Pro,"" ""Bowls,"" and logo are proprietary trademarks of Glassdoor LLC.  The webpage at https://www.ambitionbox.com/interviews/dell-interview-questions/test-engineer might be temporarily down or it may have moved permanently to a new web address.  "
